arm,outcome,model,subgroup_var,subgroup_level,N,events,AUROC,calibration_slope,calibration_intercept,TPR,FPR,positive_rate,equal_opportunity_diff,demographic_parity_diff,equalised_odds_diff
survey,stillbirth,svm,mat_age_cat,20-34,176646.0,2386.0,0.578245129278071,0.7161471037174284,-1.1903933136820943,0.42162615255658004,0.31868472397566855,0.32007517860579915,,,
survey,stillbirth,svm,mat_age_cat,<20,32856.0,296.0,0.5576884047745534,0.9298560964976295,-0.19038694519071822,0.030405405405405407,0.013544226044226044,0.013696128560993425,,,
survey,stillbirth,svm,mat_age_cat,>=35,45071.0,1200.0,0.6157044611854452,0.9272825457729311,-0.24921604712610448,0.9616666666666667,0.8960133117549178,0.8977613099332165,,,
survey,stillbirth,svm,mat_urban_rural,Rural,166613.0,2401.0,0.595191955466635,0.7603214996209933,-0.9828396177599045,0.5035401915868388,0.367725866562736,0.3696830379382161,,,
survey,stillbirth,svm,mat_urban_rural,Urban,71025.0,932.0,0.6264067147699357,0.9363544765366626,-0.2069442564215307,0.44313304721030045,0.26817228539226456,0.2704681450193594,,,
survey,stillbirth,svm,hh_wealth_quintile,Q1,63746.0,917.0,0.6050371043121268,0.7269356189659761,-1.1564590582725165,0.5441657579062159,0.3903133903133903,0.3925265899036802,,,
survey,stillbirth,svm,hh_wealth_quintile,Q2,56364.0,891.0,0.6419185475272822,1.0281146863637893,0.16704133023938952,0.5824915824915825,0.388459250446163,0.39152650628060465,,,
survey,stillbirth,svm,hh_wealth_quintile,Q3,51225.0,744.0,0.6027444212482372,0.6902714904171842,-1.295515202934511,0.5349462365591398,0.38240129949882135,0.38461688628599316,,,
survey,stillbirth,svm,hh_wealth_quintile,Q4,45284.0,716.0,0.6254222096370972,0.8378198720393032,-0.5973453644119139,0.5516759776536313,0.36714683180757496,0.3700644819362247,,,
survey,stillbirth,svm,hh_wealth_quintile,Q5,37696.0,612.0,0.6557186810653503,1.0532336575438728,0.31276073585106684,0.5816993464052288,0.36277100636393056,0.3663253395585739,,,
survey,stillbirth,svm,mat_age_cat,_DISPARITY_,,,,,,,,,0.9312612612612613,0.884065181372223,0.9312612612612613
survey,stillbirth,svm,mat_urban_rural,_DISPARITY_,,,,,,,,,0.06040714437653838,0.09921489291885671,0.09955358117047142
survey,stillbirth,svm,hh_wealth_quintile,_DISPARITY_,,,,,,,,,0.04754534593244275,0.02620125034510634,0.04754534593244275
survey,stillbirth,lightgbm,mat_age_cat,20-34,176646.0,2386.0,0.6189175285477309,0.7963092213120739,-0.8084629521294842,0.6014249790444258,0.4284632158843108,0.4307994520113674,,,
survey,stillbirth,lightgbm,mat_age_cat,<20,32856.0,296.0,0.609426256723554,0.5898947922081019,-1.755011207371494,0.1891891891891892,0.1019041769041769,0.10269052836620404,,,
survey,stillbirth,lightgbm,mat_age_cat,>=35,45071.0,1200.0,0.6522419612804207,0.8326043559219797,-0.6438305971703234,0.935,0.8364295320371088,0.8390539371214306,,,
survey,stillbirth,lightgbm,mat_urban_rural,Rural,166613.0,2401.0,0.6350575258242631,0.8174622964794346,-0.7128340498183259,0.646813827571845,0.45576449954936304,0.45851764268094325,,,
survey,stillbirth,lightgbm,mat_urban_rural,Urban,71025.0,932.0,0.6521562799246055,0.8196810346201095,-0.6912259251506581,0.5622317596566524,0.3500777538413251,0.3528616684266104,,,
survey,stillbirth,lightgbm,hh_wealth_quintile,Q1,63746.0,917.0,0.6434214829668794,0.7534665148004754,-1.0047686643031932,0.653217011995638,0.4558882044915564,0.4587268220751106,,,
survey,stillbirth,lightgbm,hh_wealth_quintile,Q2,56364.0,891.0,0.6682519213450178,0.9349960390265405,-0.20944110447067152,0.7216610549943884,0.48063021650172155,0.4844404229650131,,,
survey,stillbirth,lightgbm,hh_wealth_quintile,Q3,51225.0,744.0,0.6395472862886984,0.6832930774136304,-1.298474682180417,0.668010752688172,0.4557160119648977,0.45879941434846266,,,
survey,stillbirth,lightgbm,hh_wealth_quintile,Q4,45284.0,716.0,0.6543389161650166,0.7937921464609764,-0.782167761751872,0.6536312849162011,0.4588493986716927,0.4619291582015723,,,
survey,stillbirth,lightgbm,hh_wealth_quintile,Q5,37696.0,612.0,0.6736906646489897,0.8672948603424855,-0.4446104145774401,0.6601307189542484,0.4240373206773811,0.42787033106960953,,,
survey,stillbirth,lightgbm,mat_age_cat,_DISPARITY_,,,,,,,,,0.7458108108108108,0.7363634087552265,0.7458108108108108
survey,stillbirth,lightgbm,mat_urban_rural,_DISPARITY_,,,,,,,,,0.08458206791519263,0.10565597425433287,0.10568674570803793
survey,stillbirth,lightgbm,hh_wealth_quintile,_DISPARITY_,,,,,,,,,0.0684440429987504,0.056570091895403574,0.0684440429987504
survey,stillbirth,xgboost,mat_age_cat,20-34,176646.0,2386.0,0.6197795126300566,0.9356049429422529,-0.20819383254947918,0.5569991617770327,0.3870423505107311,0.3893379980299582,,,
survey,stillbirth,xgboost,mat_age_cat,<20,32856.0,296.0,0.6100563823959094,0.6106308370406835,-1.6413641059385495,0.16554054054054054,0.085995085995086,0.08671171171171171,,,
survey,stillbirth,xgboost,mat_age_cat,>=35,45071.0,1200.0,0.6510248702635758,0.8042965588804546,-0.7430145559140925,0.9258333333333333,0.8128604317202708,0.8158682966874486,,,
survey,stillbirth,xgboost,mat_urban_rural,Rural,166613.0,2401.0,0.6354566794442427,0.8135839376094132,-0.727231624693821,0.6109954185755935,0.4214551920687891,0.4241865880813622,,,
survey,stillbirth,xgboost,mat_urban_rural,Urban,71025.0,932.0,0.6524888546296157,0.8135859954908786,-0.7211906321905055,0.51931330472103,0.3042386543592085,0.30706089405139037,,,
survey,stillbirth,xgboost,hh_wealth_quintile,Q1,63746.0,917.0,0.6455760735900614,0.7611984793590506,-0.9777370307169465,0.6205016357688113,0.42601346511961036,0.4288112195274998,,,
survey,stillbirth,xgboost,hh_wealth_quintile,Q2,56364.0,891.0,0.6673779155016273,0.933207056004815,-0.20946236986102001,0.6980920314253648,0.45146287383051215,0.455361578312398,,,
survey,stillbirth,xgboost,hh_wealth_quintile,Q3,51225.0,744.0,0.6390033788928997,0.6810714793406085,-1.307190980456541,0.6344086021505376,0.4235454923634635,0.42660810151293316,,,
survey,stillbirth,xgboost,hh_wealth_quintile,Q4,45284.0,716.0,0.6563385596700391,0.7969873307057264,-0.7758384349989643,0.6201117318435754,0.4203015616585891,0.423460825015458,,,
survey,stillbirth,xgboost,hh_wealth_quintile,Q5,37696.0,612.0,0.672020855496407,0.8705255117033363,-0.417709781288226,0.6209150326797386,0.37247869701218855,0.37651209677419356,,,
survey,stillbirth,xgboost,mat_age_cat,_DISPARITY_,,,,,,,,,0.7602927927927927,0.7291565849757369,0.7602927927927927
survey,stillbirth,xgboost,mat_urban_rural,_DISPARITY_,,,,,,,,,0.09168211385456349,0.11712569402997186,0.11721653770958063
survey,stillbirth,xgboost,hh_wealth_quintile,_DISPARITY_,,,,,,,,,0.07798029958178943,0.07884948153820442,0.07898417681832359
survey,stillbirth,random_forest,mat_age_cat,20-34,176646.0,2386.0,0.6011943113973792,0.7557718471118795,-0.9305652856570494,0.450544844928751,0.3216400780443016,0.32338122572829275,,,
survey,stillbirth,random_forest,mat_age_cat,<20,32856.0,296.0,0.5926961244106514,0.9341073822235331,-0.1901959002514392,0.125,0.07324938574938575,0.07371560749939128,,,
survey,stillbirth,random_forest,mat_age_cat,>=35,45071.0,1200.0,0.6359222683169595,0.7820549238393317,-0.8861572897710848,0.9591666666666666,0.8770030316154179,0.8791906103703047,,,
survey,stillbirth,random_forest,mat_urban_rural,Rural,166613.0,2401.0,0.6226315903661193,0.7999578603637216,-0.7822176758959101,0.5910037484381507,0.4198596935668526,0.42232598896844786,,,
survey,stillbirth,random_forest,mat_urban_rural,Urban,71025.0,932.0,0.6435470633772947,0.9163493704688637,-0.19647173546173594,0.33905579399141633,0.17857703336995134,0.18068285814853924,,,
survey,stillbirth,random_forest,hh_wealth_quintile,Q1,63746.0,917.0,0.6298712107275373,0.7015118172018335,-1.2439080829174332,0.623773173391494,0.45141574750513297,0.4538951463621247,,,
survey,stillbirth,random_forest,hh_wealth_quintile,Q2,56364.0,891.0,0.6587820713701773,0.9306696238768684,-0.21140400652317282,0.6464646464646465,0.42613523696212574,0.42961819601163864,,,
survey,stillbirth,random_forest,hh_wealth_quintile,Q3,51225.0,744.0,0.6235659727613903,0.6211149447069759,-1.5547752841058906,0.5631720430107527,0.3860264257839583,0.38859931673987314,,,
survey,stillbirth,random_forest,hh_wealth_quintile,Q4,45284.0,716.0,0.6420096301276864,0.746097420364317,-0.954165494144797,0.5321229050279329,0.3385612995871477,0.3416217648617613,,,
survey,stillbirth,random_forest,hh_wealth_quintile,Q5,37696.0,612.0,0.6677580989070564,0.8242982060386722,-0.5857092810046616,0.5130718954248366,0.2776129867328228,0.2814356960950764,,,
survey,stillbirth,random_forest,mat_age_cat,_DISPARITY_,,,,,,,,,0.8341666666666666,0.8054750028709133,0.8341666666666666
survey,stillbirth,random_forest,mat_urban_rural,_DISPARITY_,,,,,,,,,0.2519479544467344,0.24164313081990862,0.2519479544467344
survey,stillbirth,random_forest,hh_wealth_quintile,_DISPARITY_,,,,,,,,,0.13339275103980996,0.1724594502670483,0.17380276077231016
survey,stillbirth,naive_bayes,mat_age_cat,20-34,176646.0,2386.0,0.5841018563083997,0.9655327735442486,-0.22686964840081744,0.49161777032690696,0.3727304028463216,0.3743362431076843,,,
survey,stillbirth,naive_bayes,mat_age_cat,<20,32856.0,296.0,0.5250338252872037,0.3889029448837723,-3.022444833697064,0.2905405405405405,0.2740479115479115,0.2741964937910884,,,
survey,stillbirth,naive_bayes,mat_age_cat,>=35,45071.0,1200.0,0.5832787224666256,0.8285760547470848,-0.1985280821544684,0.6208333333333333,0.5121606528230493,0.5150540258702936,,,
survey,stillbirth,naive_bayes,mat_urban_rural,Rural,166613.0,2401.0,0.5660508206430319,0.9389816401186776,-0.21845494145964556,0.47980008329862556,0.382000097435023,0.38340945784542624,,,
survey,stillbirth,naive_bayes,mat_urban_rural,Urban,71025.0,932.0,0.5747321124987288,0.9426810180696361,-0.21460047669442373,0.3251072961373391,0.24580200590643858,0.2468426610348469,,,
survey,stillbirth,naive_bayes,hh_wealth_quintile,Q1,63746.0,917.0,0.5764958471257247,0.9512053332161082,-0.22415433164951212,0.5310796074154853,0.41597033217144946,0.41762620399711353,,,
survey,stillbirth,naive_bayes,hh_wealth_quintile,Q2,56364.0,891.0,0.6125500473501604,1.1309971001729011,0.5961969765059332,0.5679012345679012,0.41411136949506966,0.4165424739195231,,,
survey,stillbirth,naive_bayes,hh_wealth_quintile,Q3,51225.0,744.0,0.586484044992548,0.9515027778580507,-0.22447323509665634,0.5120967741935484,0.38741308611160635,0.3892240117130307,,,
survey,stillbirth,naive_bayes,hh_wealth_quintile,Q4,45284.0,716.0,0.5842877314334307,0.9320474284482899,-0.218961609167847,0.48463687150837986,0.3562197092084006,0.3582501545799841,,,
survey,stillbirth,naive_bayes,hh_wealth_quintile,Q5,37696.0,612.0,0.6065745766720739,0.9284374261067032,-0.2174165188008051,0.4624183006535948,0.3183043900334376,0.3206441001697793,,,
survey,stillbirth,naive_bayes,mat_age_cat,_DISPARITY_,,,,,,,,,0.33029279279279283,0.24085753207920518,0.33029279279279283
survey,stillbirth,naive_bayes,mat_urban_rural,_DISPARITY_,,,,,,,,,0.15469278716128648,0.13656679681057934,0.15469278716128648
survey,stillbirth,naive_bayes,hh_wealth_quintile,_DISPARITY_,,,,,,,,,0.10548293391430641,0.09698210382733424,0.10548293391430641
survey,stillbirth,catboost,mat_age_cat,20-34,176646.0,2386.0,0.6195782424331691,0.9355414983238248,-0.206946609568355,0.47611064543168485,0.3156318145300126,0.31779944068928817,,,
survey,stillbirth,catboost,mat_age_cat,<20,32856.0,296.0,0.6097327594793811,0.596140942203151,-1.7166319538631485,0.125,0.05936732186732187,0.05995860725590455,,,
survey,stillbirth,catboost,mat_age_cat,>=35,45071.0,1200.0,0.6480677250727511,0.7910655583914218,-0.7913887852214604,0.9108333333333334,0.7943744159011648,0.7974750948503472,,,
survey,stillbirth,catboost,mat_urban_rural,Rural,166613.0,2401.0,0.6357303070999949,0.8332793725980314,-0.6476202525384692,0.5381091211995002,0.3535734294692227,0.356232706931632,,,
survey,stillbirth,catboost,mat_urban_rural,Urban,71025.0,932.0,0.6527841321667736,0.812085717157185,-0.7136518552019766,0.47317596566523606,0.2638494571497867,0.2665962689193946,,,
survey,stillbirth,catboost,hh_wealth_quintile,Q1,63746.0,917.0,0.6444229723047583,0.7752223070547916,-0.9133309709950348,0.5561613958560524,0.36180744560632827,0.3646032692247357,,,
survey,stillbirth,catboost,hh_wealth_quintile,Q2,56364.0,891.0,0.6697748207371508,0.9342747912591396,-0.20875435721648067,0.621773288439955,0.381176428172264,0.3849797743240366,,,
survey,stillbirth,catboost,hh_wealth_quintile,Q3,51225.0,744.0,0.6362781972904529,0.6864823339665943,-1.2858155810312306,0.5604838709677419,0.3700996414492581,0.3728648121034651,,,
survey,stillbirth,catboost,hh_wealth_quintile,Q4,45284.0,716.0,0.654412966589752,0.7740616456898566,-0.8689360994674664,0.585195530726257,0.3773559504577275,0.38064216941966256,,,
survey,stillbirth,catboost,hh_wealth_quintile,Q5,37696.0,612.0,0.6757937112212302,0.8358903274587615,-0.5632639844506994,0.5947712418300654,0.3320030201704239,0.3362691001697793,,,
survey,stillbirth,catboost,mat_age_cat,_DISPARITY_,,,,,,,,,0.7858333333333334,0.7375164875944427,0.7858333333333334
survey,stillbirth,catboost,mat_urban_rural,_DISPARITY_,,,,,,,,,0.0649331555342641,0.08963643801223742,0.08972397231943602
survey,stillbirth,catboost,hh_wealth_quintile,_DISPARITY_,,,,,,,,,0.06561189258390265,0.04871067415425734,0.06561189258390265
survey,stillbirth,logistic,mat_age_cat,20-34,176646.0,2386.0,0.5831053770276495,0.7226036103350877,-1.1666020949754774,0.4492875104777871,0.3427579478939516,0.344196868312897,,,
survey,stillbirth,logistic,mat_age_cat,<20,32856.0,296.0,0.5585342444717445,0.9330979746184237,-0.19194643942995349,0.037162162162162164,0.02027027027027027,0.02042244947650353,,,
survey,stillbirth,logistic,mat_age_cat,>=35,45071.0,1200.0,0.6191571026418363,1.005575839894626,0.03668990236167294,0.9591666666666666,0.8864853775842811,0.8884204921124448,,,
survey,stillbirth,logistic,mat_urban_rural,Rural,166613.0,2401.0,0.6005349333928035,0.7886744090161819,-0.8583334120527486,0.5206164098292378,0.3796738362604438,0.38170490898069176,,,
survey,stillbirth,logistic,mat_urban_rural,Urban,71025.0,932.0,0.6266239001659903,0.9392652771156709,-0.20827041279026012,0.4699570815450644,0.2971480747007547,0.2994156986976417,,,
survey,stillbirth,logistic,hh_wealth_quintile,Q1,63746.0,917.0,0.6112653960110142,0.7474462569452311,-1.0584925247556964,0.5507088331515813,0.38966082541501534,0.39197753584538636,,,
survey,stillbirth,logistic,hh_wealth_quintile,Q2,56364.0,891.0,0.6460394186164682,1.032750443325431,0.17153234056185152,0.6038159371492705,0.40962269933120615,0.4126924987580725,,,
survey,stillbirth,logistic,hh_wealth_quintile,Q3,51225.0,744.0,0.6061351359065574,0.7010830905092447,-1.2483535126796106,0.5618279569892473,0.3979318951684792,0.40031234748657885,,,
survey,stillbirth,logistic,hh_wealth_quintile,Q4,45284.0,716.0,0.6281528934756907,0.9359690968875383,-0.21684010458924655,0.5712290502793296,0.4017232094776521,0.4044033212613727,,,
survey,stillbirth,logistic,hh_wealth_quintile,Q5,37696.0,612.0,0.6535595218204493,1.0296153864079882,0.2136485319215574,0.5915032679738562,0.37741343975838637,0.3808892190152801,,,
survey,stillbirth,logistic,mat_age_cat,_DISPARITY_,,,,,,,,,0.9220045045045044,0.8679980426359413,0.9220045045045044
survey,stillbirth,logistic,mat_urban_rural,_DISPARITY_,,,,,,,,,0.050659328284173466,0.08228921028305008,0.0825257615596891
survey,stillbirth,logistic,hh_wealth_quintile,_DISPARITY_,,,,,,,,,0.05310710399768925,0.0318032797427924,0.05310710399768925
survey,stillbirth,mlp,mat_age_cat,20-34,176646.0,2386.0,0.6072863635370989,0.7301730584553345,-1.1016177763818402,0.5092204526404024,0.36264776770343166,0.3646275602051561,,,
survey,stillbirth,mlp,mat_age_cat,<20,32856.0,296.0,0.577653106115944,0.4057568044902766,-2.6896656676861084,0.11148648648648649,0.0660012285012285,0.06641100560019479,,,
survey,stillbirth,mlp,mat_age_cat,>=35,45071.0,1200.0,0.6386209948865234,0.7032081380718155,-1.0508368770877194,0.8933333333333333,0.7669759066353627,0.7703401300170841,,,
survey,stillbirth,mlp,mat_urban_rural,Rural,166613.0,2401.0,0.6211386958943059,0.7458632780110591,-1.0149647769683132,0.5751770095793419,0.40498258348963534,0.40743519413251067,,,
survey,stillbirth,mlp,mat_urban_rural,Urban,71025.0,932.0,0.6449060334862285,0.7857233783575873,-0.8160707705462134,0.4388412017167382,0.2470860142952934,0.2496022527279127,,,
survey,stillbirth,mlp,hh_wealth_quintile,Q1,63746.0,917.0,0.6330720713210372,0.6928918095199295,-1.272548563865709,0.604143947655398,0.42720718139712555,0.4297524550560035,,,
survey,stillbirth,mlp,hh_wealth_quintile,Q2,56364.0,891.0,0.6630490383457291,0.9378599392654048,-0.21077011383672067,0.6588103254769921,0.43161538045535663,0.4352068696330991,,,
survey,stillbirth,mlp,hh_wealth_quintile,Q3,51225.0,744.0,0.6232008162125513,0.613781679217597,-1.5704958532542785,0.5483870967741935,0.3745171450644797,0.3770424597364568,,,
survey,stillbirth,mlp,hh_wealth_quintile,Q4,45284.0,716.0,0.6419309104209849,0.708233165211365,-1.1245811754117276,0.5712290502793296,0.3739903069466882,0.3771089126402261,,,
survey,stillbirth,mlp,hh_wealth_quintile,Q5,37696.0,612.0,0.6683576034411896,0.8324419821502116,-0.5690375588761254,0.5882352941176471,0.3374770790637472,0.34154817487266553,,,
survey,stillbirth,mlp,mat_age_cat,_DISPARITY_,,,,,,,,,0.7818468468468468,0.7039291244168894,0.7818468468468468
survey,stillbirth,mlp,mat_urban_rural,_DISPARITY_,,,,,,,,,0.13633580786260374,0.15783294140459797,0.15789656919434195
survey,stillbirth,mlp,hh_wealth_quintile,_DISPARITY_,,,,,,,,,0.11042322870279864,0.09365869476043359,0.11042322870279864
survey,neonatal,svm,mat_age_cat,20-34,173614.0,4224.0,0.640613578669987,0.9540537452597613,-0.26101903105410584,0.509469696969697,0.31016588936773126,0.31501491815176197,,,
survey,neonatal,svm,mat_age_cat,<20,32703.0,1124.0,0.628946733487354,2.020412514272037,3.900241558392796,0.5622775800711743,0.3769910383482694,0.38335932483258417,,,
survey,neonatal,svm,mat_age_cat,>=35,43518.0,1328.0,0.6355188233379121,0.6285417766346608,-1.188773467311039,0.4879518072289157,0.285754918227068,0.291925180385128,,,
survey,neonatal,svm,mat_urban_rural,Rural,162664.0,4431.0,0.6391797721206572,0.9261604205491201,-0.2556964438898614,0.5438952832317762,0.34226109597871496,0.3477536516992082,,,
survey,neonatal,svm,mat_urban_rural,Urban,70814.0,1834.0,0.6368775913110591,1.2492194134408543,0.8961814544715464,0.4580152671755725,0.26643954769498407,0.2714011353687124,,,
survey,neonatal,svm,hh_wealth_quintile,Q1,61901.0,1698.0,0.6431159725457334,0.9218081080509094,-0.25108062797911607,0.5153121319199058,0.3118283142036111,0.31741005799583205,,,
survey,neonatal,svm,hh_wealth_quintile,Q2,54720.0,1471.0,0.6381901459861516,0.8320183735639686,-0.6103574367583057,0.5472467709041469,0.34697365208736314,0.35235745614035086,,,
survey,neonatal,svm,hh_wealth_quintile,Q3,50804.0,1377.0,0.6473663051482113,0.9279918027378697,-0.2560247699115398,0.5620915032679739,0.3430109049709673,0.3489489016612865,,,
survey,neonatal,svm,hh_wealth_quintile,Q4,44583.0,1190.0,0.6351621984493103,0.9300468462848307,-0.2558992058776697,0.526890756302521,0.3356993063397322,0.34080254805643406,,,
survey,neonatal,svm,hh_wealth_quintile,Q5,37587.0,939.0,0.6215953332268602,1.3885748455863007,1.4113728141167377,0.37273695420660274,0.20917921851124208,0.2132652246787453,,,
survey,neonatal,svm,mat_age_cat,_DISPARITY_,,,,,,,,,0.07432577284225866,0.09143414444745618,0.09123612012120141
survey,neonatal,svm,mat_urban_rural,_DISPARITY_,,,,,,,,,0.08588001605620366,0.07635251633049578,0.08588001605620366
survey,neonatal,svm,hh_wealth_quintile,_DISPARITY_,,,,,,,,,0.1893545490613711,0.13909223146160554,0.1893545490613711
survey,neonatal,lightgbm,mat_age_cat,20-34,173614.0,4224.0,0.6487395971138415,0.8782047174154487,-0.412410821624027,0.4732481060606061,0.2623767636814452,0.26750722867971477,,,
survey,neonatal,lightgbm,mat_age_cat,<20,32703.0,1124.0,0.6490693734371653,0.9280960143617436,-0.26654192714890057,0.8167259786476868,0.6553089078184869,0.6608568021282452,,,
survey,neonatal,lightgbm,mat_age_cat,>=35,43518.0,1328.0,0.6463958762283074,0.8481399431131496,-0.5019017852331963,0.6551204819277109,0.45498933396539465,0.46109655774621994,,,
survey,neonatal,lightgbm,mat_urban_rural,Rural,162664.0,4431.0,0.660356405615564,0.8779399983632318,-0.4295691326643423,0.590611600090273,0.3643993351576473,0.370561402645945,,,
survey,neonatal,lightgbm,mat_urban_rural,Urban,70814.0,1834.0,0.644090214064861,0.9208088203516668,-0.23892168738518382,0.5272628135223555,0.3164540446506234,0.32191374586946087,,,
survey,neonatal,lightgbm,hh_wealth_quintile,Q1,61901.0,1698.0,0.6674385838709382,0.922544619078842,-0.24197955483090264,0.5830388692579506,0.35034798930285865,0.35673090903216426,,,
survey,neonatal,lightgbm,hh_wealth_quintile,Q2,54720.0,1471.0,0.6597433125868554,0.8909884050866557,-0.3842341586778465,0.5907545887151597,0.3679881312325114,0.3739766081871345,,,
survey,neonatal,lightgbm,hh_wealth_quintile,Q3,50804.0,1377.0,0.6556496270792697,0.8657269465057317,-0.46367043669266367,0.5816993464052288,0.3558985979323042,0.3620187386819935,,,
survey,neonatal,lightgbm,hh_wealth_quintile,Q4,44583.0,1190.0,0.6444218920024858,0.8802059062849573,-0.43661986158139776,0.5890756302521009,0.38243495494665036,0.38795056411636725,,,
survey,neonatal,lightgbm,hh_wealth_quintile,Q5,37587.0,939.0,0.6334436247416344,0.8146326157840579,-0.5920351934668238,0.4536741214057508,0.2564123553809212,0.26134035703833774,,,
survey,neonatal,lightgbm,mat_age_cat,_DISPARITY_,,,,,,,,,0.34347787258708073,0.3933495734485304,0.39293214413704175
survey,neonatal,lightgbm,mat_urban_rural,_DISPARITY_,,,,,,,,,0.06334878656791754,0.04864765677648414,0.06334878656791754
survey,neonatal,lightgbm,hh_wealth_quintile,_DISPARITY_,,,,,,,,,0.13708046730940893,0.1266102070780295,0.13708046730940893
survey,neonatal,xgboost,mat_age_cat,20-34,173614.0,4224.0,0.648074331195314,0.9261657229863427,-0.23781951291739004,0.3963068181818182,0.19180589172914575,0.19678136555807713,,,
survey,neonatal,xgboost,mat_age_cat,<20,32703.0,1124.0,0.6528006950652709,0.8884429843863647,-0.40681520232311724,0.7802491103202847,0.5851040248266253,0.5918111488242669,,,
survey,neonatal,xgboost,mat_age_cat,>=35,43518.0,1328.0,0.6483082573241532,0.8770145664860816,-0.40848180548167773,0.5858433734939759,0.3874614837639251,0.3935153269911301,,,
survey,neonatal,xgboost,mat_urban_rural,Rural,162664.0,4431.0,0.6612820736207021,0.8950051959552934,-0.37521739047093633,0.5341909275558565,0.29775710502866026,0.30419760979688193,,,
survey,neonatal,xgboost,mat_urban_rural,Urban,70814.0,1834.0,0.6459870466460494,0.9197091652911231,-0.2377585804706329,0.4367502726281352,0.23659031603363292,0.2417742254356483,,,
survey,neonatal,xgboost,hh_wealth_quintile,Q1,61901.0,1698.0,0.6673588624290723,0.9251913218720644,-0.24381388229003767,0.5223792697290931,0.2860156470607777,0.2924993134198155,,,
survey,neonatal,xgboost,hh_wealth_quintile,Q2,54720.0,1471.0,0.6612018285014472,0.9313851983119228,-0.2465541789364468,0.5350101971447995,0.3028789273037991,0.30911915204678364,,,
survey,neonatal,xgboost,hh_wealth_quintile,Q3,50804.0,1377.0,0.6552477007420067,0.8821853496922751,-0.4148177176125979,0.5221496005809731,0.28980112084488235,0.2960987323832769,,,
survey,neonatal,xgboost,hh_wealth_quintile,Q4,44583.0,1190.0,0.644377602630018,0.9292499368564646,-0.24657774072662247,0.49831932773109244,0.29500149793745534,0.30042841441805174,,,
survey,neonatal,xgboost,hh_wealth_quintile,Q5,37587.0,939.0,0.6364156722016366,0.8610144616029809,-0.4249495624550189,0.3652822151224707,0.18513970748744815,0.18964003511852504,,,
survey,neonatal,xgboost,mat_age_cat,_DISPARITY_,,,,,,,,,0.3839422921384665,0.39502978326618976,0.3932981330974795
survey,neonatal,xgboost,mat_urban_rural,_DISPARITY_,,,,,,,,,0.0974406549277213,0.062423384361233625,0.0974406549277213
survey,neonatal,xgboost,hh_wealth_quintile,_DISPARITY_,,,,,,,,,0.16972798202232875,0.1194791169282586,0.16972798202232875
survey,neonatal,random_forest,mat_age_cat,20-34,173614.0,4224.0,0.6335657158898598,0.7716999318491602,-0.7987398405608123,0.3307291666666667,0.14591180116890018,0.15040837720460332,,,
survey,neonatal,random_forest,mat_age_cat,<20,32703.0,1124.0,0.6308769741908081,0.8065420327334593,-0.5825421521194137,0.6645907473309609,0.4854808575319041,0.49163685288811426,,,
survey,neonatal,random_forest,mat_age_cat,>=35,43518.0,1328.0,0.6425298045702602,0.752184959577948,-0.8116799882428636,0.5225903614457831,0.3161886703010192,0.3224872466565559,,,
survey,neonatal,random_forest,mat_urban_rural,Rural,162664.0,4431.0,0.646217807895636,0.765567554961824,-0.824339784715978,0.4646806589934552,0.24841215170034064,0.25430334923523334,,,
survey,neonatal,random_forest,mat_urban_rural,Urban,70814.0,1834.0,0.63816609321748,0.8498897860645749,-0.43275335244989727,0.3549618320610687,0.1676572919686866,0.17250826107831785,,,
survey,neonatal,random_forest,hh_wealth_quintile,Q1,61901.0,1698.0,0.6572937748290055,0.790458837815669,-0.7191987515294351,0.4799764428739694,0.24827666395362358,0.2546323968918111,,,
survey,neonatal,random_forest,hh_wealth_quintile,Q2,54720.0,1471.0,0.645199159818642,0.7735221631222625,-0.7928712665598918,0.4568320870156356,0.24809855584142426,0.25370979532163745,,,
survey,neonatal,random_forest,hh_wealth_quintile,Q3,50804.0,1377.0,0.639294896125429,0.7588920874616248,-0.8147969282149042,0.4233841684822077,0.21310215064640783,0.21880166915990867,,,
survey,neonatal,random_forest,hh_wealth_quintile,Q4,44583.0,1190.0,0.6295473052908855,0.8015211626209741,-0.6643352051915207,0.3983193277310924,0.22369967506279814,0.22836058587353925,,,
survey,neonatal,random_forest,hh_wealth_quintile,Q5,37587.0,939.0,0.6314480110583163,0.7818730630252027,-0.6721698874470579,0.31309904153354634,0.1352324819908317,0.13967595179184292,,,
survey,neonatal,random_forest,mat_age_cat,_DISPARITY_,,,,,,,,,0.3338615806642942,0.34122847568351095,0.33956905636300394
survey,neonatal,random_forest,mat_urban_rural,_DISPARITY_,,,,,,,,,0.10971882693238649,0.0817950881569155,0.10971882693238649
survey,neonatal,random_forest,hh_wealth_quintile,_DISPARITY_,,,,,,,,,0.16687740134042306,0.11495644509996819,0.16687740134042306
survey,neonatal,naive_bayes,mat_age_cat,20-34,173614.0,4224.0,0.6092341739667022,0.9527277649950181,-0.2546554260457816,0.4640151515151515,0.29446248302733335,0.29858767150114623,,,
survey,neonatal,naive_bayes,mat_age_cat,<20,32703.0,1124.0,0.5818720440032956,0.9168543767878459,0.0004129743992708989,0.4261565836298932,0.3209411317647804,0.3245573800568755,,,
survey,neonatal,naive_bayes,mat_age_cat,>=35,43518.0,1328.0,0.6155227302906816,0.9038904206642921,-0.24419566479546853,0.545933734939759,0.38108556529983406,0.38611608989383706,,,
survey,neonatal,naive_bayes,mat_urban_rural,Rural,162664.0,4431.0,0.6141739723081451,1.0178976175873662,0.04078741241186013,0.5165876777251185,0.3450860439984074,0.349757782914474,,,
survey,neonatal,naive_bayes,mat_urban_rural,Urban,70814.0,1834.0,0.607554826790627,0.9295880521986348,-0.2462552732175605,0.42748091603053434,0.2815163815598724,0.2852966927443726,,,
survey,neonatal,naive_bayes,hh_wealth_quintile,Q1,61901.0,1698.0,0.6118481753537947,0.9920116974565127,-0.009357670162064883,0.48881036513545345,0.32290749630417087,0.32745836093116426,,,
survey,neonatal,naive_bayes,hh_wealth_quintile,Q2,54720.0,1471.0,0.6111770478571621,0.9306215883500473,-0.250384774531073,0.5071380013596193,0.3327010835884242,0.337390350877193,,,
survey,neonatal,naive_bayes,hh_wealth_quintile,Q3,50804.0,1377.0,0.6117341259519643,0.9281562624669312,-0.24894022467455612,0.49455337690631807,0.3278774758735104,0.33239508700102355,,,
survey,neonatal,naive_bayes,hh_wealth_quintile,Q4,44583.0,1190.0,0.6066684263639317,1.0058943715892585,-0.015363354439550489,0.49495798319327733,0.3473371281082202,0.35127739272816993,,,
survey,neonatal,naive_bayes,hh_wealth_quintile,Q5,37587.0,939.0,0.5986182713058219,0.8317713300001479,-0.5657998531325984,0.33759318423855167,0.20634141017245142,0.20962034746055816,,,
survey,neonatal,naive_bayes,mat_age_cat,_DISPARITY_,,,,,,,,,0.11977715130986583,0.08752841839269082,0.11977715130986583
survey,neonatal,naive_bayes,mat_urban_rural,_DISPARITY_,,,,,,,,,0.08910676169458415,0.06446109017010143,0.08910676169458415
survey,neonatal,naive_bayes,hh_wealth_quintile,_DISPARITY_,,,,,,,,,0.16954481712106761,0.14165704526761178,0.16954481712106761
survey,neonatal,catboost,mat_age_cat,20-34,173614.0,4224.0,0.6468970201621415,0.8832822329200721,-0.3933310897127056,0.4521780303030303,0.24303677903063936,0.24812515119748407,,,
survey,neonatal,catboost,mat_age_cat,<20,32703.0,1124.0,0.6493777003254223,0.8291554108231812,-0.5870759720629661,0.8087188612099644,0.6350422749295418,0.6410115279943736,,,
survey,neonatal,catboost,mat_age_cat,>=35,43518.0,1328.0,0.6471151196394966,0.8274314383308079,-0.5669060996310231,0.6362951807228916,0.4287745911353401,0.43510731191690794,,,
survey,neonatal,catboost,mat_urban_rural,Rural,162664.0,4431.0,0.6584372762269939,0.8632192010252558,-0.4833286749416469,0.5766192733017378,0.3479362711950099,0.3541656420597059,,,
survey,neonatal,catboost,mat_urban_rural,Urban,70814.0,1834.0,0.6446912685958631,0.918481551554139,-0.2375060386283496,0.5103598691384951,0.2935923456074224,0.29920637162143077,,,
survey,neonatal,catboost,hh_wealth_quintile,Q1,61901.0,1698.0,0.6639303219631062,0.8788661015487967,-0.39759483828909264,0.5600706713780919,0.32710994468714183,0.33350026655465986,,,
survey,neonatal,catboost,hh_wealth_quintile,Q2,54720.0,1471.0,0.661031030299666,0.8743378726192879,-0.4456626372764199,0.5778382053025153,0.3467670754380364,0.35297880116959063,,,
survey,neonatal,catboost,hh_wealth_quintile,Q3,50804.0,1377.0,0.6541029993118377,0.8668297584222953,-0.46145658709595977,0.5686274509803921,0.340846096263176,0.34701991969136287,,,
survey,neonatal,catboost,hh_wealth_quintile,Q4,44583.0,1190.0,0.6422881977440114,0.8577173917777279,-0.5049585680112981,0.5638655462184874,0.35800705182863596,0.36350178319090237,,,
survey,neonatal,catboost,hh_wealth_quintile,Q5,37587.0,939.0,0.6370539436980871,0.8210514496583216,-0.5608781627562744,0.4355697550585729,0.23742086880593757,0.24237103253784553,,,
survey,neonatal,catboost,mat_age_cat,_DISPARITY_,,,,,,,,,0.3565408309069341,0.3928863767968895,0.39200549589890243
survey,neonatal,catboost,mat_urban_rural,_DISPARITY_,,,,,,,,,0.06625940416324272,0.05495927043827514,0.06625940416324272
survey,neonatal,catboost,hh_wealth_quintile,_DISPARITY_,,,,,,,,,0.14226845024394236,0.12113075065305684,0.14226845024394236
survey,neonatal,logistic,mat_age_cat,20-34,173614.0,4224.0,0.6408145288094804,0.9560597305032338,-0.2542337090632124,0.5350378787878788,0.33590530727906015,0.34075016991717255,,,
survey,neonatal,logistic,mat_age_cat,<20,32703.0,1124.0,0.6284400958382744,1.101729321819937,0.6324919958730417,0.5854092526690391,0.3995693340511099,0.4059566400636027,,,
survey,neonatal,logistic,mat_age_cat,>=35,43518.0,1328.0,0.6359549331480936,0.8414594695971531,-0.404518105523853,0.5240963855421686,0.3172789760606779,0.3235902385219909,,,
survey,neonatal,logistic,mat_urban_rural,Rural,162664.0,4431.0,0.6395011488468815,0.9698063281541717,-0.11236027192064905,0.5705258406680208,0.36908862247445223,0.3745758127182413,,,
survey,neonatal,logistic,mat_urban_rural,Urban,70814.0,1834.0,0.6371258813184673,0.9276918665418654,-0.24254742312767236,0.48582333696837515,0.2921861409104088,0.29720111842291075,,,
survey,neonatal,logistic,hh_wealth_quintile,Q1,61901.0,1698.0,0.64253457193034,0.9887318076345264,-0.011461075389559858,0.5488810365135454,0.3430393834194309,0.34868580475275035,,,
survey,neonatal,logistic,hh_wealth_quintile,Q2,54720.0,1471.0,0.6386425119526506,0.9336581592234902,-0.24773917259377243,0.5622025832766825,0.36473924392946344,0.37004751461988306,,,
survey,neonatal,logistic,hh_wealth_quintile,Q3,50804.0,1377.0,0.6478810273945663,0.9803521771875909,-0.07595039654512652,0.5744371822803195,0.3576385376413701,0.36351468388315883,,,
survey,neonatal,logistic,hh_wealth_quintile,Q4,44583.0,1190.0,0.6345730839520838,0.9386717505541183,-0.2522265938541595,0.5714285714285714,0.383471988569585,0.38848888589821234,,,
survey,neonatal,logistic,hh_wealth_quintile,Q5,37587.0,939.0,0.6223638627297684,0.8742355994953062,-0.3992535199191808,0.4078807241746539,0.23024448810303427,0.23468220395349457,,,
survey,neonatal,logistic,mat_age_cat,_DISPARITY_,,,,,,,,,0.06131286712687045,0.08236640154161179,0.082290357990432
survey,neonatal,logistic,mat_urban_rural,_DISPARITY_,,,,,,,,,0.08470250369964566,0.07737469429533056,0.08470250369964566
survey,neonatal,logistic,hh_wealth_quintile,_DISPARITY_,,,,,,,,,0.1665564581056656,0.15380668194471778,0.1665564581056656
survey,neonatal,mlp,mat_age_cat,20-34,173614.0,4224.0,0.6464150454862994,0.8208235356065996,-0.6228925748223091,0.40577651515151514,0.20324694492000708,0.20817445597705253,,,
survey,neonatal,mlp,mat_age_cat,<20,32703.0,1124.0,0.6456886243267886,0.9085951075031703,-0.25477633549472595,0.6539145907473309,0.4518192469679217,0.45876525089441333,,,
survey,neonatal,mlp,mat_age_cat,>=35,43518.0,1328.0,0.636137037483901,0.8135027909822045,-0.6325234904186207,0.5632530120481928,0.3798056411471913,0.3854037409807436,,,
survey,neonatal,mlp,mat_urban_rural,Rural,162664.0,4431.0,0.6565386957969731,0.8305720043779147,-0.5845532879740554,0.5091401489505755,0.2860212471481929,0.2920990508041115,,,
survey,neonatal,mlp,mat_urban_rural,Urban,70814.0,1834.0,0.6344277994696359,0.8684874460235527,-0.41486724629371136,0.40239912758996726,0.21697593505363874,0.22177817945603975,,,
survey,neonatal,mlp,hh_wealth_quintile,Q1,61901.0,1698.0,0.6660891545442045,0.8624743016687466,-0.40945879730520607,0.46937573616018846,0.22892546883045695,0.23552123552123552,,,
survey,neonatal,mlp,hh_wealth_quintile,Q2,54720.0,1471.0,0.6606500233456765,0.8545260182943277,-0.523803326877613,0.530931339225017,0.3064282897331405,0.31246345029239764,,,
survey,neonatal,mlp,hh_wealth_quintile,Q3,50804.0,1377.0,0.6514828489316911,0.8256413442463034,-0.6129608690857545,0.5032679738562091,0.28164768244077126,0.28765451539248876,,,
survey,neonatal,mlp,hh_wealth_quintile,Q4,44583.0,1190.0,0.6333702120951623,0.8447835963692347,-0.5714976607580133,0.49159663865546216,0.31115617726361394,0.31597245586882894,,,
survey,neonatal,mlp,hh_wealth_quintile,Q5,37587.0,939.0,0.6314460350305553,0.7396478347675786,-0.8487665731613491,0.36315228966986157,0.1947173106308666,0.19892516029478277,,,
survey,neonatal,mlp,mat_age_cat,_DISPARITY_,,,,,,,,,0.2481380755958158,0.2505907949173608,0.2485723020479146
survey,neonatal,mlp,mat_urban_rural,_DISPARITY_,,,,,,,,,0.1067410213606082,0.07032087134807177,0.1067410213606082
survey,neonatal,mlp,hh_wealth_quintile,_DISPARITY_,,,,,,,,,0.16777904955515544,0.11704729557404617,0.16777904955515544
survey,perinatal,svm,mat_age_cat,20-34,176575.0,5111.0,0.6101476347239375,1.0896221651639395,0.21447862994647005,0.4721189591078067,0.3208895161666589,0.3252668837604417,,,
survey,perinatal,svm,mat_age_cat,<20,33059.0,1200.0,0.5819908424620986,1.3703827928465155,1.6494631100570118,0.21916666666666668,0.12533350073762517,0.12873952630146102,,,
survey,perinatal,svm,mat_age_cat,>=35,45371.0,1960.0,0.6158762838253635,0.8366536156494526,-0.39450850996013365,0.7663265306122449,0.6246803805487089,0.6307994093143198,,,
survey,perinatal,svm,mat_urban_rural,Rural,166643.0,5229.0,0.597887425731855,1.122735951040429,0.4138274167210846,0.479441575827118,0.3431300878486377,0.34740733184112144,,,
survey,perinatal,svm,mat_urban_rural,Urban,71434.0,2116.0,0.6055416276625667,1.0620847509412288,0.260305430417985,0.35207939508506614,0.21271531204016272,0.21684351989248818,,,
survey,perinatal,svm,hh_wealth_quintile,Q1,64092.0,1993.0,0.6034541158471146,1.0956867246006112,0.2887242889235473,0.5087807325639739,0.3673328072915828,0.3717312613118642,,,
survey,perinatal,svm,hh_wealth_quintile,Q2,56142.0,1869.0,0.6044850323065514,0.9077287869196231,-0.258862531082363,0.4884965222043874,0.3315644980008476,0.3367888568273307,,,
survey,perinatal,svm,hh_wealth_quintile,Q3,52100.0,1679.0,0.6117824959699958,1.00481934853175,0.010870991896899516,0.5181655747468732,0.3657801312945003,0.37069097888675623,,,
survey,perinatal,svm,hh_wealth_quintile,Q4,44960.0,1529.0,0.6321755282982793,1.0989039556100086,0.35684226235368777,0.565729234793983,0.3785084386728374,0.38487544483985764,,,
survey,perinatal,svm,hh_wealth_quintile,Q5,37573.0,1199.0,0.607711893853371,0.9151731157139084,-0.2584934319955847,0.4303586321934946,0.28677077033045584,0.29135283315146515,,,
survey,perinatal,svm,mat_age_cat,_DISPARITY_,,,,,,,,,0.5471598639455781,0.5020598830128588,0.5471598639455781
survey,perinatal,svm,mat_urban_rural,_DISPARITY_,,,,,,,,,0.12736218074205186,0.13056381194863326,0.13041477580847496
survey,perinatal,svm,hh_wealth_quintile,_DISPARITY_,,,,,,,,,0.1353706026004884,0.09352261168839249,0.1353706026004884
survey,perinatal,lightgbm,mat_age_cat,20-34,176575.0,5111.0,0.6266436542298052,0.9217125043373213,-0.2511111160452835,0.3934650753277245,0.2312205477534643,0.2359167492566898,,,
survey,perinatal,lightgbm,mat_age_cat,<20,33059.0,1200.0,0.6029915800872595,0.8919991330953623,-0.2541788819751168,0.5958333333333333,0.45575818450045513,0.4608427357149339,,,
survey,perinatal,lightgbm,mat_age_cat,>=35,45371.0,1960.0,0.6437254394282649,0.8698010690188039,-0.4248724819076789,0.8331632653061225,0.6700145124507614,0.6770624407661281,,,
survey,perinatal,lightgbm,mat_urban_rural,Rural,166643.0,5229.0,0.6325279991214001,0.9199116505138261,-0.25590436663312954,0.5023905144387072,0.32420360067899934,0.329794830865983,,,
survey,perinatal,lightgbm,mat_urban_rural,Urban,71434.0,2116.0,0.628343822647778,0.9086346384314458,-0.24576177498370194,0.3889413988657845,0.2225540263712167,0.22748271131394013,,,
survey,perinatal,lightgbm,hh_wealth_quintile,Q1,64092.0,1993.0,0.6340776390210712,0.8676423350023135,-0.46376094474057716,0.5263421976919217,0.33699415449524145,0.34288210697122884,,,
survey,perinatal,lightgbm,hh_wealth_quintile,Q2,56142.0,1869.0,0.6382728393207251,0.8654807000818168,-0.4182333737261566,0.5462814339218833,0.35990271405671326,0.36610737059598875,,,
survey,perinatal,lightgbm,hh_wealth_quintile,Q3,52100.0,1679.0,0.6418582043068713,0.921029891189057,-0.25657366841019463,0.5253126861226921,0.3421590210428195,0.3480614203454894,,,
survey,perinatal,lightgbm,hh_wealth_quintile,Q4,44960.0,1529.0,0.6487275720375806,0.9071793750909203,-0.25261383422357503,0.565729234793983,0.34581289862080083,0.3532918149466192,,,
survey,perinatal,lightgbm,hh_wealth_quintile,Q5,37573.0,1199.0,0.6256037900757917,0.8264565768775776,-0.5454278448946924,0.45204336947456214,0.2890801121680321,0.29428046735687863,,,
survey,perinatal,lightgbm,mat_age_cat,_DISPARITY_,,,,,,,,,0.439698189978398,0.4411456915094383,0.439698189978398
survey,perinatal,lightgbm,mat_urban_rural,_DISPARITY_,,,,,,,,,0.1134491155729227,0.10231211955204286,0.1134491155729227
survey,perinatal,lightgbm,hh_wealth_quintile,_DISPARITY_,,,,,,,,,0.11368586531942082,0.07182690323911012,0.11368586531942082
survey,perinatal,xgboost,mat_age_cat,20-34,176575.0,5111.0,0.6290261521293035,0.9209287958701463,-0.25076149124769476,0.478966934063784,0.30551602668781785,0.3105365991788192,,,
survey,perinatal,xgboost,mat_age_cat,<20,33059.0,1200.0,0.6057169219582117,0.8929964687076661,-0.2550360484917815,0.6675,0.5311842807369974,0.5361323694001633,,,
survey,perinatal,xgboost,mat_age_cat,>=35,45371.0,1960.0,0.6463251402470642,0.8471562360147133,-0.4947254852916952,0.8530612244897959,0.6887885558959711,0.6958850366974499,,,
survey,perinatal,xgboost,mat_urban_rural,Rural,166643.0,5229.0,0.6345138668533379,0.9186058954492625,-0.25571462811911283,0.5742971887550201,0.3912795668281562,0.3970223771775592,,,
survey,perinatal,xgboost,mat_urban_rural,Urban,71434.0,2116.0,0.6307638460396023,0.9095110842175195,-0.24619905570199066,0.473062381852552,0.2928243746213105,0.29816333958619146,,,
survey,perinatal,xgboost,hh_wealth_quintile,Q1,64092.0,1993.0,0.6366262417341515,0.8537738450372796,-0.5043419580453107,0.5815353738083292,0.3893460442197137,0.3953223491231355,,,
survey,perinatal,xgboost,hh_wealth_quintile,Q2,56142.0,1869.0,0.6404161364937069,0.8586747258831278,-0.43337448162144243,0.5981808453718566,0.41291249792714607,0.4190801895194329,,,
survey,perinatal,xgboost,hh_wealth_quintile,Q3,52100.0,1679.0,0.6432975147353388,0.920961454747124,-0.25645264985870475,0.5878499106611078,0.4016778723151068,0.40767754318618044,,,
survey,perinatal,xgboost,hh_wealth_quintile,Q4,44960.0,1529.0,0.6503824149983799,0.9106956986745904,-0.25531142148141966,0.6520601700457815,0.4349197577767033,0.44230427046263343,,,
survey,perinatal,xgboost,hh_wealth_quintile,Q5,37573.0,1199.0,0.6267559617068769,0.8052817914916756,-0.6175768524829273,0.5504587155963303,0.37037444328366415,0.3761211508263913,,,
survey,perinatal,xgboost,mat_age_cat,_DISPARITY_,,,,,,,,,0.37409429042601194,0.38534843751863074,0.38327252920815325
survey,perinatal,xgboost,mat_urban_rural,_DISPARITY_,,,,,,,,,0.10123480690246811,0.09885903759136777,0.10123480690246811
survey,perinatal,xgboost,hh_wealth_quintile,_DISPARITY_,,,,,,,,,0.10160145444945123,0.06618311963624213,0.10160145444945123
survey,perinatal,random_forest,mat_age_cat,20-34,176575.0,5111.0,0.6205966115434298,0.8216536965323313,-0.6331897135785577,0.4511837213852475,0.2888186441468763,0.2935183349851338,,,
survey,perinatal,random_forest,mat_age_cat,<20,33059.0,1200.0,0.5952187110915806,0.8655742502970818,-0.23863912689904043,0.5516666666666666,0.42666122602718226,0.43119876584288697,,,
survey,perinatal,random_forest,mat_age_cat,>=35,45371.0,1960.0,0.635109711918215,0.8398775523474374,-0.454863657174438,0.8535714285714285,0.7147497178134574,0.7207467324943245,,,
survey,perinatal,random_forest,mat_urban_rural,Rural,166643.0,5229.0,0.6236385814859174,0.8350743018788864,-0.5508419503433675,0.5599541021227769,0.38835540907232335,0.39373991106737155,,,
survey,perinatal,random_forest,mat_urban_rural,Urban,71434.0,2116.0,0.6221184212743864,0.9021543954271294,-0.2427422616437511,0.3879962192816635,0.2353789780432211,0.23989976761766105,,,
survey,perinatal,random_forest,hh_wealth_quintile,Q1,64092.0,1993.0,0.623701704253911,0.7976596365235353,-0.7015629469079127,0.5669844455594582,0.38604486384643877,0.3916713474380578,,,
survey,perinatal,random_forest,hh_wealth_quintile,Q2,56142.0,1869.0,0.6270160780905152,0.8092256138419118,-0.6025239293971718,0.5719636169074371,0.40274169476535293,0.4083751914787503,,,
survey,perinatal,random_forest,hh_wealth_quintile,Q3,52100.0,1679.0,0.6321941616095159,0.9187973935799937,-0.2574491642820831,0.5699821322215605,0.3920588643620714,0.3977927063339731,,,
survey,perinatal,random_forest,hh_wealth_quintile,Q4,44960.0,1529.0,0.6464803127199397,0.9031924561892186,-0.2525024518467189,0.5945062132112492,0.38762634984227856,0.39466192170818504,,,
survey,perinatal,random_forest,hh_wealth_quintile,Q5,37573.0,1199.0,0.6198803639127985,0.8477236384204794,-0.46432829481013843,0.48040033361134277,0.3215758508824985,0.3266441327549038,,,
survey,perinatal,random_forest,mat_age_cat,_DISPARITY_,,,,,,,,,0.40238770718618105,0.4272283975091907,0.4259310736665811
survey,perinatal,random_forest,mat_urban_rural,_DISPARITY_,,,,,,,,,0.17195788284111335,0.1538401434497105,0.17195788284111335
survey,perinatal,random_forest,hh_wealth_quintile,_DISPARITY_,,,,,,,,,0.11410587959990642,0.0817310587238465,0.11410587959990642
survey,perinatal,naive_bayes,mat_age_cat,20-34,176575.0,5111.0,0.6008536628771931,0.9496364138211026,-0.2717713575779507,0.3564860105654471,0.21285517659683664,0.21701260087781396,,,
survey,perinatal,naive_bayes,mat_age_cat,<20,33059.0,1200.0,0.571741867813386,1.1561709648037013,0.7705945126285472,0.2608333333333333,0.1800119275557927,0.1829456426389183,,,
survey,perinatal,naive_bayes,mat_age_cat,>=35,45371.0,1960.0,0.602877497662353,0.8551150725648462,-0.25053031586916236,0.4663265306122449,0.3193430236575983,0.32569262304114965,,,
survey,perinatal,naive_bayes,mat_urban_rural,Rural,166643.0,5229.0,0.5915069970550445,1.3921780276993327,1.4030533726612309,0.32644865174985654,0.2049202671391577,0.20873364017690513,,,
survey,perinatal,naive_bayes,mat_urban_rural,Urban,71434.0,2116.0,0.5909471947618632,1.2304041878119976,0.8549232504345149,0.19659735349716445,0.10121469171066678,0.10404009295293558,,,
survey,perinatal,naive_bayes,hh_wealth_quintile,Q1,64092.0,1993.0,0.5957950687274379,1.0140008562449478,0.02870952350959246,0.38936276969392875,0.2588447479025427,0.26290332646820197,,,
survey,perinatal,naive_bayes,hh_wealth_quintile,Q2,56142.0,1869.0,0.5931290511102063,0.9098040590205713,-0.26076208540144136,0.3857677902621723,0.25561513091224,0.2599479890278223,,,
survey,perinatal,naive_bayes,hh_wealth_quintile,Q3,52100.0,1679.0,0.6021119328322824,1.0274193329558505,0.09696912554789128,0.36926742108397853,0.22667142658812797,0.23126679462571978,,,
survey,perinatal,naive_bayes,hh_wealth_quintile,Q4,44960.0,1529.0,0.619256635232609,1.0252271727543363,0.12698805611676506,0.37671680837148463,0.20473855080472472,0.21058718861209966,,,
survey,perinatal,naive_bayes,hh_wealth_quintile,Q5,37573.0,1199.0,0.5964546434541385,0.9252306565837822,-0.2666298691698166,0.2969140950792327,0.16008687524055645,0.164453197774998,,,
survey,perinatal,naive_bayes,mat_age_cat,_DISPARITY_,,,,,,,,,0.20549319727891158,0.14274698040223135,0.20549319727891158
survey,perinatal,naive_bayes,mat_urban_rural,_DISPARITY_,,,,,,,,,0.1298512982526921,0.10469354722396955,0.1298512982526921
survey,perinatal,naive_bayes,hh_wealth_quintile,_DISPARITY_,,,,,,,,,0.09244867461469602,0.09845012869320396,0.09875787266198624
survey,perinatal,catboost,mat_age_cat,20-34,176575.0,5111.0,0.6257452588964132,0.9248721359193834,-0.2524769959508571,0.496771668949325,0.3271415574114683,0.3320515361744301,,,
survey,perinatal,catboost,mat_age_cat,<20,33059.0,1200.0,0.6072068986262386,0.9987356951429194,0.09482423623747467,0.7458333333333333,0.5965975077686054,0.6020145799933452,,,
survey,perinatal,catboost,mat_age_cat,>=35,45371.0,1960.0,0.6421945451143531,0.9155130828609288,-0.2815131470999106,0.875,0.7349750063348,0.741024002115889,,,
survey,perinatal,catboost,mat_urban_rural,Rural,166643.0,5229.0,0.6317920131981064,0.9776783834017467,-0.0699564179252153,0.6087205966724039,0.42666063662383685,0.4323733970223772,,,
survey,perinatal,catboost,mat_urban_rural,Urban,71434.0,2116.0,0.6270605325359779,0.9632602381801999,-0.0645901548415702,0.4952741020793951,0.3221241236042586,0.3272531287622141,,,
survey,perinatal,catboost,hh_wealth_quintile,Q1,64092.0,1993.0,0.6329111503137194,0.928436634117665,-0.2593537136457893,0.6096337180130457,0.4154012141902446,0.42144105348561445,,,
survey,perinatal,catboost,hh_wealth_quintile,Q2,56142.0,1869.0,0.6379404038815044,0.9148561386815579,-0.25777528349306233,0.6383092562867844,0.45225065870690767,0.4584446581881657,,,
survey,perinatal,catboost,hh_wealth_quintile,Q3,52100.0,1679.0,0.6390563049356698,0.9942281379867631,-0.019640933823026285,0.6277546158427636,0.44461633049721344,0.4505182341650672,,,
survey,perinatal,catboost,hh_wealth_quintile,Q4,44960.0,1529.0,0.6476192685543366,0.9780129751960908,-0.028562458796847365,0.6644865925441465,0.45686260965669684,0.463923487544484,,,
survey,perinatal,catboost,hh_wealth_quintile,Q5,37573.0,1199.0,0.6256504510893295,0.914856588560488,-0.25606599365206834,0.5596330275229358,0.39588717215593555,0.4011125009980571,,,
survey,perinatal,catboost,mat_age_cat,_DISPARITY_,,,,,,,,,0.378228331050675,0.4089724659414589,0.4078334489233317
survey,perinatal,catboost,mat_urban_rural,_DISPARITY_,,,,,,,,,0.11344649459300876,0.10512026826016313,0.11344649459300876
survey,perinatal,catboost,hh_wealth_quintile,_DISPARITY_,,,,,,,,,0.10485356502121079,0.06281098654642686,0.10485356502121079
survey,perinatal,logistic,mat_age_cat,20-34,176575.0,5111.0,0.6125130595849817,1.0163636244996825,-0.03327929100979291,0.48757581686558404,0.3361813558531237,0.34056349992920854,,,
survey,perinatal,logistic,mat_age_cat,<20,33059.0,1200.0,0.5830071957688565,1.1550432874657792,0.8972425470643193,0.24833333333333332,0.15521516682883957,0.15859523881545115,,,
survey,perinatal,logistic,mat_age_cat,>=35,45371.0,1960.0,0.6158109025785339,0.9122387849918868,-0.1541827280913416,0.7494897959183674,0.5945036972195987,0.6011990037689273,,,
survey,perinatal,logistic,mat_urban_rural,Rural,166643.0,5229.0,0.5998200426346431,1.0111675494706087,0.05399032886109732,0.47408682348441383,0.33808715476972256,0.34235461435523845,,,
survey,perinatal,logistic,mat_urban_rural,Urban,71434.0,2116.0,0.6075749745931343,0.9183685399702095,-0.2537465617316791,0.40359168241965976,0.25711936293603393,0.26145812918218214,,,
survey,perinatal,logistic,hh_wealth_quintile,Q1,64092.0,1993.0,0.60594019195043,1.0191581656479443,0.05429203023511419,0.4922227797290517,0.3482503744021643,0.3527273294638956,,,
survey,perinatal,logistic,hh_wealth_quintile,Q2,56142.0,1869.0,0.6047798677705285,0.910909094476697,-0.26005257742665716,0.5189941144997324,0.3689864205037496,0.3739802643297353,,,
survey,perinatal,logistic,hh_wealth_quintile,Q3,52100.0,1679.0,0.6138509521124567,1.0133595644152669,0.0456431258469025,0.5092316855270994,0.36298367743598897,0.36769673704414585,,,
survey,perinatal,logistic,hh_wealth_quintile,Q4,44960.0,1529.0,0.6329503829917535,1.0572619838603923,0.21335359008455793,0.57946370176586,0.38723492436278234,0.3937722419928826,,,
survey,perinatal,logistic,hh_wealth_quintile,Q5,37573.0,1199.0,0.6092099302157601,0.9166876729088971,-0.2589825322140425,0.47289407839866554,0.31940396986858743,0.324302025390573,,,
survey,perinatal,logistic,mat_age_cat,_DISPARITY_,,,,,,,,,0.5011564625850341,0.4426037649534762,0.5011564625850341
survey,perinatal,logistic,mat_urban_rural,_DISPARITY_,,,,,,,,,0.07049514106475407,0.08089648517305631,0.08096779183368863
survey,perinatal,logistic,hh_wealth_quintile,_DISPARITY_,,,,,,,,,0.1065696233671945,0.06947021660230956,0.1065696233671945
survey,perinatal,mlp,mat_age_cat,20-34,176575.0,5111.0,0.6208407102354785,0.9248898367966022,-0.25358049414631656,0.41420465662297007,0.2559137778192507,0.26049554013875126,,,
survey,perinatal,mlp,mat_age_cat,<20,33059.0,1200.0,0.5938790844031514,1.0521706890918046,0.34709764678513805,0.44583333333333336,0.32634420414953386,0.3306815088175686,,,
survey,perinatal,mlp,mat_age_cat,>=35,45371.0,1960.0,0.6372789754219165,0.8788857762047237,-0.41058677160497803,0.811734693877551,0.6436387090829513,0.6509003548522184,,,
survey,perinatal,mlp,mat_urban_rural,Rural,166643.0,5229.0,0.6260229083762553,0.9195541559403468,-0.25601209279409665,0.4901510805125263,0.3203067887543831,0.32563624034612915,,,
survey,perinatal,mlp,mat_urban_rural,Urban,71434.0,2116.0,0.6188975832375172,0.8447489268473969,-0.5010328811185387,0.3818525519848771,0.2302432268674803,0.2347341602038245,,,
survey,perinatal,mlp,hh_wealth_quintile,Q1,64092.0,1993.0,0.6306663371559714,0.9243124183099148,-0.25758916448277247,0.49724034119417965,0.31862026763716,0.3241746239780316,,,
survey,perinatal,mlp,hh_wealth_quintile,Q2,56142.0,1869.0,0.628122191677911,0.9119973261160521,-0.2579462075484749,0.5334403424291064,0.35625449118346136,0.36215311175234227,,,
survey,perinatal,mlp,hh_wealth_quintile,Q3,52100.0,1679.0,0.6333643857492988,0.9196098815368899,-0.2573048994403713,0.4669446098868374,0.2924773407905436,0.29809980806142033,,,
survey,perinatal,mlp,hh_wealth_quintile,Q4,44960.0,1529.0,0.6413600298370633,0.94283574593562,-0.13830433925423397,0.5618051013734467,0.3647164467776473,0.37141903914590746,,,
survey,perinatal,mlp,hh_wealth_quintile,Q5,37573.0,1199.0,0.618141318256407,0.7932446367335169,-0.7099736102426133,0.5104253544620517,0.34373453565733764,0.3490538418545232,,,
survey,perinatal,mlp,mat_age_cat,_DISPARITY_,,,,,,,,,0.39753003725458097,0.39040481471346716,0.39753003725458097
survey,perinatal,mlp,mat_urban_rural,_DISPARITY_,,,,,,,,,0.10829852852764921,0.09090208014230464,0.10829852852764921
survey,perinatal,mlp,hh_wealth_quintile,_DISPARITY_,,,,,,,,,0.09486049148660936,0.07331923108448712,0.09486049148660936
clinical,stillbirth,svm,mat_age_cat,20-34,70303.0,3237.0,0.7136536437748084,1.0428309660256612,0.06547578988272965,0.7028112449799196,0.38400978140935793,0.3986885339174715,,,
clinical,stillbirth,svm,mat_age_cat,<20,18816.0,747.0,0.7040724745236966,0.9785553490685579,-0.21984910484555978,0.47657295850066933,0.23177818362942054,0.24149659863945577,,,
clinical,stillbirth,svm,mat_age_cat,>=35,10786.0,792.0,0.7116169322805805,0.9596864344594404,0.26260942337825927,0.8005050505050505,0.5029017410446268,0.5247543111440757,,,
clinical,stillbirth,svm,mat_delivery_mode,Vaginal spontaneous,69987.0,2605.0,0.7278894002857972,3.2076496166522106,6.434155112548245,0.6314779270633397,0.3254578374046481,0.3368482718219098,,,
clinical,stillbirth,svm,mat_delivery_mode,Vaginal assisted,5149.0,324.0,0.6554628030448411,2.320509961938627,4.3559754985494115,0.45987654320987653,0.24082901554404146,0.25461254612546125,,,
clinical,stillbirth,svm,mat_delivery_mode,Caesarean,19072.0,931.0,0.6637437755602359,1.6240171424062875,1.9359278338250299,0.6562835660580022,0.42191720412325673,0.43335780201342283,,,
clinical,stillbirth,svm,mat_age_cat,_DISPARITY_,,,,,,,,,0.32393209200438117,0.2832577125046199,0.32393209200438117
clinical,stillbirth,svm,mat_delivery_mode,_DISPARITY_,,,,,,,,,0.19640702284812567,0.17874525588796158,0.19640702284812567
clinical,stillbirth,lightgbm,mat_age_cat,20-34,70303.0,3237.0,0.7437543346125937,0.9149891208758919,-0.2561852231721091,0.6336113685511275,0.2605194882652909,0.2776979645249847,,,
clinical,stillbirth,lightgbm,mat_age_cat,<20,18816.0,747.0,0.7344708588815017,0.8842442381761365,-0.33901664531116005,0.5796519410977242,0.22851292268526205,0.242453231292517,,,
clinical,stillbirth,lightgbm,mat_age_cat,>=35,10786.0,792.0,0.7441841367446731,0.902664716186649,-0.16189848942231744,0.7424242424242424,0.38633179907944765,0.41247913962544036,,,
clinical,stillbirth,lightgbm,mat_delivery_mode,Vaginal spontaneous,69987.0,2605.0,0.7420925959654443,0.9479516645615184,-0.30993450294308783,0.5758157389635317,0.22770176011397703,0.2406589795247689,,,
clinical,stillbirth,lightgbm,mat_delivery_mode,Vaginal assisted,5149.0,324.0,0.723774707349837,0.765220088385863,-0.18229102433753727,0.4691358024691358,0.12062176165803108,0.14255195183530783,,,
clinical,stillbirth,lightgbm,mat_delivery_mode,Caesarean,19072.0,931.0,0.6767603823752961,0.6808146264311629,-0.8643438911210256,0.5596133190118152,0.30786615952814067,0.32015520134228187,,,
clinical,stillbirth,lightgbm,mat_age_cat,_DISPARITY_,,,,,,,,,0.1627723013265182,0.17002590833292336,0.1627723013265182
clinical,stillbirth,lightgbm,mat_delivery_mode,_DISPARITY_,,,,,,,,,0.10667993649439589,0.17760324950697404,0.1872443978701096
clinical,stillbirth,xgboost,mat_age_cat,20-34,70303.0,3237.0,0.7446414720034593,0.9320579143362093,-0.20733410444815864,0.6391720729070126,0.26526108609429516,0.28247727692986074,,,
clinical,stillbirth,xgboost,mat_age_cat,<20,18816.0,747.0,0.7391110367272029,0.9167877334455732,-0.24833866599641305,0.5836680053547524,0.23011788145442472,0.24415391156462585,,,
clinical,stillbirth,xgboost,mat_age_cat,>=35,10786.0,792.0,0.7466182992623858,0.8975406260193634,-0.2062827442357213,0.7664141414141414,0.41024614768861317,0.43639903578713146,,,
clinical,stillbirth,xgboost,mat_delivery_mode,Vaginal spontaneous,69987.0,2605.0,0.74277986551709,0.9644888453969146,-0.2707641924528026,0.5861804222648752,0.23228755453978808,0.2454598711189221,,,
clinical,stillbirth,xgboost,mat_delivery_mode,Vaginal assisted,5149.0,324.0,0.723572570843728,0.7616590409930322,-0.20290351622867203,0.4506172839506173,0.12331606217616581,0.14391143911439114,,,
clinical,stillbirth,xgboost,mat_delivery_mode,Caesarean,19072.0,931.0,0.6794336771551597,0.7213113214073665,-0.7593294921990779,0.5767991407089151,0.31960751887988537,0.3321623322147651,,,
clinical,stillbirth,xgboost,mat_age_cat,_DISPARITY_,,,,,,,,,0.18274613605938905,0.19224512422250561,0.18274613605938905
clinical,stillbirth,xgboost,mat_delivery_mode,_DISPARITY_,,,,,,,,,0.13556313831425792,0.18825089310037396,0.19629145670371956
clinical,stillbirth,random_forest,mat_age_cat,20-34,70303.0,3237.0,0.74327073922662,0.8988772270483907,-0.2971046603737909,0.6759345072598084,0.3069066292905496,0.3238979844387864,,,
clinical,stillbirth,random_forest,mat_age_cat,<20,18816.0,747.0,0.7380143186059863,0.8578066237304257,-0.40598885609412,0.6211512717536813,0.27489069677347944,0.2886373299319728,,,
clinical,stillbirth,random_forest,mat_age_cat,>=35,10786.0,792.0,0.7467811494977794,0.8814436258242271,-0.18647761917739267,0.7815656565656566,0.43315989593756254,0.4587428147598739,,,
clinical,stillbirth,random_forest,mat_delivery_mode,Vaginal spontaneous,69987.0,2605.0,0.7420662215730396,0.9218497872002097,-0.36204862571815855,0.6253358925143954,0.2685583687038081,0.28183805563890435,,,
clinical,stillbirth,random_forest,mat_delivery_mode,Vaginal assisted,5149.0,324.0,0.7220034542314334,0.7787174622330468,-0.07796049384060584,0.4783950617283951,0.14051813471502592,0.16177898621091474,,,
clinical,stillbirth,random_forest,mat_delivery_mode,Caesarean,19072.0,931.0,0.6771015457091072,0.6523518203265505,-0.9462092895681288,0.6251342642320086,0.37136872278264704,0.3837562919463087,,,
clinical,stillbirth,random_forest,mat_age_cat,_DISPARITY_,,,,,,,,,0.16041438481197523,0.1701054848279011,0.16041438481197523
clinical,stillbirth,random_forest,mat_delivery_mode,_DISPARITY_,,,,,,,,,0.1469408307860003,0.22197730573539398,0.23085058806762113
clinical,stillbirth,naive_bayes,mat_age_cat,20-34,70303.0,3237.0,0.664783164322999,1.0123813765193688,-0.028483615677105865,0.7791164658634538,0.52704798258432,0.5386541114888411,,,
clinical,stillbirth,naive_bayes,mat_age_cat,<20,18816.0,747.0,0.6825654861777437,1.1996682755389365,0.5115484716253389,0.6626506024096386,0.37279318169240133,0.38430059523809523,,,
clinical,stillbirth,naive_bayes,mat_age_cat,>=35,10786.0,792.0,0.656362630709739,0.895566489958377,0.06559651767834418,0.7954545454545454,0.5392235341204723,0.558038197663638,,,
clinical,stillbirth,naive_bayes,mat_delivery_mode,Vaginal spontaneous,69987.0,2605.0,0.6990299897835193,1.1433730469842736,0.17762128373707145,0.7117082533589252,0.4509809741473984,0.4606855558889508,,,
clinical,stillbirth,naive_bayes,mat_delivery_mode,Vaginal assisted,5149.0,324.0,0.5549424294761083,0.2972682072278405,-1.7963393909309342,0.4537037037037037,0.336580310880829,0.3439502816080792,,,
clinical,stillbirth,naive_bayes,mat_delivery_mode,Caesarean,19072.0,931.0,0.627525279214242,1.0170559425629973,0.10681244363809222,0.7948442534908701,0.5945096742186208,0.6042890100671141,,,
clinical,stillbirth,naive_bayes,mat_age_cat,_DISPARITY_,,,,,,,,,0.13280394304490684,0.17373760242554281,0.16643035242807097
clinical,stillbirth,naive_bayes,mat_delivery_mode,_DISPARITY_,,,,,,,,,0.34114054978716635,0.2603387284590349,0.34114054978716635
clinical,stillbirth,catboost,mat_age_cat,20-34,70303.0,3237.0,0.7454072142159475,0.9378071980745394,-0.19173051485949436,0.6549274019153537,0.28360122864044374,0.3006984054734506,,,
clinical,stillbirth,catboost,mat_age_cat,<20,18816.0,747.0,0.73968102935475,0.9273904124811039,-0.21867164424850363,0.5943775100401606,0.2411312192152305,0.2551551870748299,,,
clinical,stillbirth,catboost,mat_age_cat,>=35,10786.0,792.0,0.7429426089997433,0.8545971362194409,-0.29119682790438667,0.7790404040404041,0.4343606163698219,0.45966994251807897,,,
clinical,stillbirth,catboost,mat_delivery_mode,Vaginal spontaneous,69987.0,2605.0,0.743510805638987,0.9649092779893983,-0.2675425089618216,0.6030710172744722,0.24849366299605236,0.2616914569848686,,,
clinical,stillbirth,catboost,mat_delivery_mode,Vaginal assisted,5149.0,324.0,0.7284423974924839,0.7801274183566623,-0.1222462209722952,0.4722222222222222,0.12331606217616581,0.14527092639347447,,,
clinical,stillbirth,catboost,mat_delivery_mode,Caesarean,19072.0,931.0,0.6807885609745974,0.7020936388048776,-0.8140006718294813,0.59828141783029,0.3450195689322529,0.3573825503355705,,,
clinical,stillbirth,catboost,mat_age_cat,_DISPARITY_,,,,,,,,,0.1846628940002435,0.20451475544324904,0.19322939715459136
clinical,stillbirth,catboost,mat_delivery_mode,_DISPARITY_,,,,,,,,,0.13084879505225,0.212111623942096,0.22170350675608708
clinical,stillbirth,logistic,mat_age_cat,20-34,70303.0,3237.0,0.7154449066956401,1.0255739954999639,0.008057156642912053,0.7009576768612913,0.3778814898756449,0.39275706584356285,,,
clinical,stillbirth,logistic,mat_age_cat,<20,18816.0,747.0,0.7098225951197192,0.9152584932859308,-0.260112833467203,0.5595716198125836,0.26935635619015996,0.28087797619047616,,,
clinical,stillbirth,logistic,mat_age_cat,>=35,10786.0,792.0,0.714537497751176,1.0287729448299596,0.2850419544596758,0.8042929292929293,0.501801080648389,0.5240126089375116,,,
clinical,stillbirth,logistic,mat_delivery_mode,Vaginal spontaneous,69987.0,2605.0,0.728853200741457,1.336863258269848,0.7729124131618333,0.6406909788867562,0.32806981092873466,0.3397059453898581,,,
clinical,stillbirth,logistic,mat_delivery_mode,Vaginal assisted,5149.0,324.0,0.6544994562783855,1.012422504514458,0.4392572585543335,0.5092592592592593,0.2721243523316062,0.2870460283550204,,,
clinical,stillbirth,logistic,mat_delivery_mode,Caesarean,19072.0,931.0,0.6643345056160209,0.8654844452601589,-0.3409092368792849,0.6455424274973147,0.40736453337743234,0.41899119127516776,,,
clinical,stillbirth,logistic,mat_age_cat,_DISPARITY_,,,,,,,,,0.24472130948034565,0.2431346327470354,0.24472130948034565
clinical,stillbirth,logistic,mat_delivery_mode,_DISPARITY_,,,,,,,,,0.13628316823805542,0.13194516292014735,0.13628316823805542
clinical,stillbirth,mlp,mat_age_cat,20-34,70303.0,3237.0,0.7382978184953868,0.9813705570983393,-0.08901177627944222,0.6926166203274637,0.3416037932782632,0.35776567145072047,,,
clinical,stillbirth,mlp,mat_age_cat,<20,18816.0,747.0,0.7334132589909141,0.9706340045735065,-0.14051711323834606,0.6385542168674698,0.2996845425867508,0.31313775510204084,,,
clinical,stillbirth,mlp,mat_age_cat,>=35,10786.0,792.0,0.7432033083486456,0.9164614324361408,-0.05779672603910925,0.7714646464646465,0.4275565339203522,0.4528091971073614,,,
clinical,stillbirth,mlp,mat_delivery_mode,Vaginal spontaneous,69987.0,2605.0,0.7388501665041969,1.0640879986626757,0.0050711948570973785,0.6433781190019194,0.2966074025704194,0.309514624144484,,,
clinical,stillbirth,mlp,mat_delivery_mode,Vaginal assisted,5149.0,324.0,0.7116554723981321,0.822993917987107,-0.007104213992393279,0.46296296296296297,0.17056994818652849,0.18896873179258108,,,
clinical,stillbirth,mlp,mat_delivery_mode,Caesarean,19072.0,931.0,0.6755687382836122,0.7602979042043297,-0.6550851064971107,0.644468313641246,0.404773716994653,0.41647441275167785,,,
clinical,stillbirth,mlp,mat_age_cat,_DISPARITY_,,,,,,,,,0.1329104295971767,0.13967144200532056,0.1329104295971767
clinical,stillbirth,mlp,mat_delivery_mode,_DISPARITY_,,,,,,,,,0.18150535067828305,0.22750568095909676,0.2342037688081245
clinical,neonatal,svm,mat_age_cat,20-34,61234.0,741.0,0.7402897554781156,1.007273960802454,-0.03214389608598579,0.562753036437247,0.18253351627461029,0.1871345984257112,,,
clinical,neonatal,svm,mat_age_cat,<20,16409.0,241.0,0.6957280504905956,1.2082626977143276,1.118778069789121,0.45643153526970953,0.15994557149925778,0.16430007922481565,,,
clinical,neonatal,svm,mat_age_cat,>=35,9351.0,123.0,0.7525774331215354,0.8704561412518871,-0.5823127620211623,0.6016260162601627,0.2223667100130039,0.22735536306277404,,,
clinical,neonatal,svm,mat_delivery_mode,Vaginal spontaneous,64809.0,696.0,0.7225924938385548,1.326004236244283,1.3891706923443237,0.46551724137931033,0.09579960382449737,0.0997700936598312,,,
clinical,neonatal,svm,mat_delivery_mode,Vaginal assisted,4814.0,118.0,0.7565427121531487,0.839080549304552,-0.3802249507544115,0.8305084745762712,0.567504258943782,0.5739509763190693,,,
clinical,neonatal,svm,mat_delivery_mode,Caesarean,17398.0,291.0,0.6558868307561643,0.7633112664942363,-0.8943389878277341,0.6082474226804123,0.4006547027532589,0.4041269111392114,,,
clinical,neonatal,svm,mat_age_cat,_DISPARITY_,,,,,,,,,0.14519448099045312,0.06305528383795839,0.14519448099045312
clinical,neonatal,svm,mat_delivery_mode,_DISPARITY_,,,,,,,,,0.36499123319696086,0.47418088265923813,0.4717046551192846
clinical,neonatal,lightgbm,mat_age_cat,20-34,61234.0,741.0,0.7687896122443139,0.9545636497851475,-0.19075714761904033,0.5721997300944669,0.17575587258029854,0.18055328738935886,,,
clinical,neonatal,lightgbm,mat_age_cat,<20,16409.0,241.0,0.7359912310778322,0.9426480757624781,-0.1976051100272426,0.6265560165975104,0.26880257298367144,0.2740569199829362,,,
clinical,neonatal,lightgbm,mat_age_cat,>=35,9351.0,123.0,0.7656280285169561,0.9087069554397033,-0.34081501055948654,0.5772357723577236,0.18053749458170784,0.18575553416746873,,,
clinical,neonatal,lightgbm,mat_delivery_mode,Vaginal spontaneous,64809.0,696.0,0.7621958696848291,0.9286665707192852,-0.263423672350168,0.47844827586206895,0.08165270693931027,0.08591399342683886,,,
clinical,neonatal,lightgbm,mat_delivery_mode,Vaginal assisted,4814.0,118.0,0.7538411702711287,1.0590507677811065,0.26206625124383903,0.8305084745762712,0.6122231686541738,0.6175737432488575,,,
clinical,neonatal,lightgbm,mat_delivery_mode,Caesarean,17398.0,291.0,0.6988168465431948,0.9225409683158409,-0.3727184669083364,0.7353951890034365,0.4992693049628807,0.5032187607771008,,,
clinical,neonatal,lightgbm,mat_age_cat,_DISPARITY_,,,,,,,,,0.05435628650304347,0.09350363259357733,0.0930467004033729
clinical,neonatal,lightgbm,mat_delivery_mode,_DISPARITY_,,,,,,,,,0.35206019871420224,0.5316597498220186,0.5305704617148636
clinical,neonatal,xgboost,mat_age_cat,20-34,61234.0,741.0,0.7687225630750197,0.9287377930889839,-0.2887794452087835,0.6248313090418354,0.22015770419717984,0.22505470816866446,,,
clinical,neonatal,xgboost,mat_age_cat,<20,16409.0,241.0,0.7497686378092272,0.9401418199331402,-0.19898595267805194,0.6970954356846473,0.3419099455714993,0.34712657687854226,,,
clinical,neonatal,xgboost,mat_age_cat,>=35,9351.0,123.0,0.7701855610883807,0.9212773412769254,-0.32603866614389015,0.6422764227642277,0.24338968357173818,0.2486365094642284,,,
clinical,neonatal,xgboost,mat_delivery_mode,Vaginal spontaneous,64809.0,696.0,0.7693355737203225,0.9286626159994529,-0.2705283126572785,0.5344827586206896,0.1276184237206183,0.13198784119489576,,,
clinical,neonatal,xgboost,mat_delivery_mode,Vaginal assisted,4814.0,118.0,0.7563559322033899,0.9801567974624553,-0.044303291827609836,0.9067796610169492,0.7365843270868825,0.7407561279601164,,,
clinical,neonatal,xgboost,mat_delivery_mode,Caesarean,17398.0,291.0,0.6972347285741635,0.8829879835365163,-0.4808381302435118,0.7938144329896907,0.550184135149354,0.5542591102425566,,,
clinical,neonatal,xgboost,mat_age_cat,_DISPARITY_,,,,,,,,,0.0722641266428119,0.1220718687098778,0.12175224137431945
clinical,neonatal,xgboost,mat_delivery_mode,_DISPARITY_,,,,,,,,,0.37229690239625957,0.6087682867652207,0.6089659033662642
clinical,neonatal,random_forest,mat_age_cat,20-34,61234.0,741.0,0.7580208419292019,0.7507883863553358,-0.8968466335194027,0.5168690958164642,0.11812937034036997,0.12295456772381357,,,
clinical,neonatal,random_forest,mat_age_cat,<20,16409.0,241.0,0.7320770652957227,0.7516901998460265,-0.8629184391985459,0.5020746887966805,0.1730578921326076,0.177890182217076,,,
clinical,neonatal,random_forest,mat_age_cat,>=35,9351.0,123.0,0.7526831558952781,0.7346529009485189,-0.825727122344148,0.4959349593495935,0.09752925877763328,0.10276975724521442,,,
clinical,neonatal,random_forest,mat_delivery_mode,Vaginal spontaneous,64809.0,696.0,0.757094099390964,0.7489352639036341,-0.8484604212142506,0.4367816091954023,0.05875563458268994,0.0628153497199463,,,
clinical,neonatal,random_forest,mat_delivery_mode,Vaginal assisted,4814.0,118.0,0.7415082796754541,0.9248314388542146,-0.21172148151641712,0.7033898305084746,0.338160136286201,0.3471125882841712,,,
clinical,neonatal,random_forest,mat_delivery_mode,Caesarean,17398.0,291.0,0.6880001494535004,0.6824051854407585,-1.2068605655624898,0.6082474226804123,0.32057052668498276,0.3253822278422807,,,
clinical,neonatal,random_forest,mat_age_cat,_DISPARITY_,,,,,,,,,0.020934136466870756,0.07512042497186158,0.07552863335497433
clinical,neonatal,random_forest,mat_delivery_mode,_DISPARITY_,,,,,,,,,0.26660822131307227,0.2842972385642249,0.27940450170351105
clinical,neonatal,naive_bayes,mat_age_cat,20-34,61234.0,741.0,0.7161799070984736,0.9710581701415353,-0.20534090799301682,0.611336032388664,0.27672623278726466,0.28077538622334,,,
clinical,neonatal,naive_bayes,mat_age_cat,<20,16409.0,241.0,0.6837726691317925,1.0575277946621502,0.48296132722282076,0.5186721991701245,0.21721919841662543,0.22164665732220123,,,
clinical,neonatal,naive_bayes,mat_age_cat,>=35,9351.0,123.0,0.7099231395434891,0.8783606237567382,-0.4653192370678345,0.5934959349593496,0.2697225834416992,0.273981392364453,,,
clinical,neonatal,naive_bayes,mat_delivery_mode,Vaginal spontaneous,64809.0,696.0,0.7121124232699054,1.1196192954478363,0.4734655293157605,0.5186781609195402,0.18464274016190163,0.18823002977981454,,,
clinical,neonatal,naive_bayes,mat_delivery_mode,Vaginal assisted,4814.0,118.0,0.6830840527820288,0.7853952569644702,-0.7618518743469415,0.8305084745762712,0.6956984667802385,0.699002908184462,,,
clinical,neonatal,naive_bayes,mat_delivery_mode,Caesarean,17398.0,291.0,0.631196369244157,0.6071298923771739,-1.519082099404571,0.6597938144329897,0.4465423510843514,0.45010920795493736,,,
clinical,neonatal,naive_bayes,mat_age_cat,_DISPARITY_,,,,,,,,,0.09266383321853944,0.05912872890113874,0.09266383321853944
clinical,neonatal,naive_bayes,mat_delivery_mode,_DISPARITY_,,,,,,,,,0.311830313656731,0.5107728784046475,0.5110557266183369
clinical,neonatal,catboost,mat_age_cat,20-34,61234.0,741.0,0.7636034911791916,0.9265354324870994,-0.29792877709387944,0.6153846153846154,0.21098308895244078,0.21587680047032695,,,
clinical,neonatal,catboost,mat_age_cat,<20,16409.0,241.0,0.738234148289434,0.9405276447289079,-0.19742558405497715,0.6597510373443983,0.33263236021771403,0.3374367725028948,,,
clinical,neonatal,catboost,mat_age_cat,>=35,9351.0,123.0,0.7541060082252318,0.884368681977966,-0.40748352168036533,0.6178861788617886,0.21629822280017338,0.22158057961715324,,,
clinical,neonatal,catboost,mat_delivery_mode,Vaginal spontaneous,64809.0,696.0,0.757352835716966,0.9172785569487898,-0.2896144803782647,0.5100574712643678,0.11392385319669958,0.11817803082905153,,,
clinical,neonatal,catboost,mat_delivery_mode,Vaginal assisted,4814.0,118.0,0.7640193240550919,1.0336462515312417,0.12044291997555348,0.8983050847457628,0.7242333901192505,0.7285002077274616,,,
clinical,neonatal,catboost,mat_delivery_mode,Caesarean,17398.0,291.0,0.6985650455180322,0.8846951547920568,-0.5091889633235263,0.7869415807560137,0.55071023557608,0.5546614553396942,,,
clinical,neonatal,catboost,mat_age_cat,_DISPARITY_,,,,,,,,,0.04436642195978291,0.12155997203256783,0.12164927126527325
clinical,neonatal,catboost,mat_delivery_mode,_DISPARITY_,,,,,,,,,0.3882476134813949,0.6103221768984101,0.6103095369225509
clinical,neonatal,logistic,mat_age_cat,20-34,61234.0,741.0,0.7436292748251417,0.9679550284579795,-0.194439188261033,0.5695006747638327,0.1774916105995735,0.18223535944083352,,,
clinical,neonatal,logistic,mat_age_cat,<20,16409.0,241.0,0.6974462644309439,0.9172600240238381,-0.1891884831445358,0.4854771784232365,0.18969569520039584,0.1940398561764885,,,
clinical,neonatal,logistic,mat_age_cat,>=35,9351.0,123.0,0.7438473750797325,0.9358665558528769,-0.1850725571816571,0.5528455284552846,0.167641959254443,0.17270880119773285,,,
clinical,neonatal,logistic,mat_delivery_mode,Vaginal spontaneous,64809.0,696.0,0.7248577224731263,1.0709354199880434,0.427327934838965,0.45977011494252873,0.09402149330089062,0.09794935888534,,,
clinical,neonatal,logistic,mat_delivery_mode,Vaginal assisted,4814.0,118.0,0.7612618384200041,1.1331477310464984,0.20198779531482547,0.8389830508474576,0.561541737649063,0.5683423348566681,,,
clinical,neonatal,logistic,mat_delivery_mode,Caesarean,17398.0,291.0,0.6703816106306436,0.7808242127670789,-1.002046072667162,0.6426116838487973,0.38966504939498453,0.3938958500977124,,,
clinical,neonatal,logistic,mat_age_cat,_DISPARITY_,,,,,,,,,0.0840234963405962,0.021331054978755648,0.0840234963405962
clinical,neonatal,logistic,mat_delivery_mode,_DISPARITY_,,,,,,,,,0.3792129359049289,0.47039297597132806,0.4675202443481724
clinical,neonatal,mlp,mat_age_cat,20-34,61234.0,741.0,0.7580628494440184,0.9579140508075312,-0.1942275650055741,0.553306342780027,0.15467905377481692,0.1595028905510011,,,
clinical,neonatal,mlp,mat_age_cat,<20,16409.0,241.0,0.7130885556429277,0.9268331741049107,-0.19374438589557108,0.5145228215767634,0.18790202869866401,0.19269912852702786,,,
clinical,neonatal,mlp,mat_age_cat,>=35,9351.0,123.0,0.7628651400298139,0.9276583203063296,-0.3065865818115692,0.5772357723577236,0.15377113133940182,0.1593412469254625,,,
clinical,neonatal,mlp,mat_delivery_mode,Vaginal spontaneous,64809.0,696.0,0.7456156904897262,0.9569368299751885,-0.1913346443118602,0.4511494252873563,0.07327687052547845,0.0773349380487278,,,
clinical,neonatal,mlp,mat_delivery_mode,Vaginal assisted,4814.0,118.0,0.7681573571449196,1.0267209679555342,0.12423093009453114,0.7542372881355932,0.4571976149914821,0.46447860407145825,,,
clinical,neonatal,mlp,mat_delivery_mode,Caesarean,17398.0,291.0,0.6927237036666528,0.8683771496483687,-0.46800892904918184,0.6907216494845361,0.4083123867422693,0.4130359811472583,,,
clinical,neonatal,mlp,mat_age_cat,_DISPARITY_,,,,,,,,,0.06271295078096017,0.03335788160156536,0.06271295078096017
clinical,neonatal,mlp,mat_delivery_mode,_DISPARITY_,,,,,,,,,0.3030878628482369,0.3871436660227304,0.38392074446600366
clinical,perinatal,svm,mat_age_cat,20-34,70468.0,3998.0,0.7055261834317188,1.0703585108864995,0.14372452227039365,0.7026013006503251,0.3992026478110426,0.4164159618550264,,,
clinical,perinatal,svm,mat_age_cat,<20,18603.0,978.0,0.6952867481761882,0.9139463131932332,-0.3156992110984812,0.5,0.23920567375886526,0.25291619631242274,,,
clinical,perinatal,svm,mat_age_cat,>=35,10794.0,900.0,0.705187543516834,1.1803817594054469,0.8097779281629217,0.8066666666666666,0.4997978572872448,0.52538447285529,,,
clinical,perinatal,svm,mat_delivery_mode,Vaginal spontaneous,69874.0,3299.0,0.7261710754075275,3.8216264488685585,7.701425182236767,0.6541376174598363,0.33847540368006007,0.3533789392334774,,,
clinical,perinatal,svm,mat_delivery_mode,Vaginal assisted,5214.0,454.0,0.6473475733905898,3.1839066646857725,6.607494106492881,0.5088105726872246,0.2834033613445378,0.30303030303030304,,,
clinical,perinatal,svm,mat_delivery_mode,Caesarean,19125.0,1222.0,0.647834762947409,1.8192569007862158,2.4178711398033315,0.6358428805237316,0.42802882198514214,0.44130718954248366,,,
clinical,perinatal,svm,mat_age_cat,_DISPARITY_,,,,,,,,,0.30666666666666664,0.27246827654286726,0.30666666666666664
clinical,perinatal,svm,mat_delivery_mode,_DISPARITY_,,,,,,,,,0.1453270447726117,0.13827688651218062,0.1453270447726117
clinical,perinatal,lightgbm,mat_age_cat,20-34,70468.0,3998.0,0.7315844115076946,0.9325711989868378,-0.18258201299359525,0.6410705352676338,0.2873476756431473,0.3074161321450871,,,
clinical,perinatal,lightgbm,mat_age_cat,<20,18603.0,978.0,0.7136544692453843,0.8773210468131936,-0.3346005533522271,0.6063394683026585,0.28408510638297874,0.30102671612105575,,,
clinical,perinatal,lightgbm,mat_age_cat,>=35,10794.0,900.0,0.7353135458077849,0.8813522931796345,-0.22125529738543537,0.78,0.452698605215282,0.47998888271261814,,,
clinical,perinatal,lightgbm,mat_delivery_mode,Vaginal spontaneous,69874.0,3299.0,0.7357795765782984,0.9869561928616509,-0.18296587488531216,0.6095786602000606,0.26009763424708976,0.27659787617711884,,,
clinical,perinatal,lightgbm,mat_delivery_mode,Vaginal assisted,5214.0,454.0,0.7127378484433422,0.827738247215963,0.14661209661215865,0.5044052863436124,0.1384453781512605,0.17031070195627157,,,
clinical,perinatal,lightgbm,mat_delivery_mode,Caesarean,19125.0,1222.0,0.660582354464635,0.6619632174763559,-0.7946084730759139,0.5981996726677578,0.3634586382170586,0.3784575163398693,,,
clinical,perinatal,lightgbm,mat_age_cat,_DISPARITY_,,,,,,,,,0.17366053169734152,0.1789621665915624,0.17366053169734152
clinical,perinatal,lightgbm,mat_delivery_mode,_DISPARITY_,,,,,,,,,0.1051733738564482,0.20814681438359772,0.22501326006579808
clinical,perinatal,xgboost,mat_age_cat,20-34,70468.0,3998.0,0.7317006253992049,0.9450541550227601,-0.1531151003180852,0.6325662831415708,0.2814051451782759,0.30132826247374694,,,
clinical,perinatal,xgboost,mat_age_cat,<20,18603.0,978.0,0.7131918664520152,0.9241383126765776,-0.21637644898073277,0.6073619631901841,0.2886241134751773,0.3053808525506639,,,
clinical,perinatal,xgboost,mat_age_cat,>=35,10794.0,900.0,0.7366043393302338,0.922362166436124,-0.14153103414794418,0.7722222222222223,0.4491611077420659,0.4760978321289605,,,
clinical,perinatal,xgboost,mat_delivery_mode,Vaginal spontaneous,69874.0,3299.0,0.737449450709184,1.0105697023919165,-0.13264391559221037,0.6077599272506821,0.2574840405557642,0.2740218106878095,,,
clinical,perinatal,xgboost,mat_delivery_mode,Vaginal assisted,5214.0,454.0,0.710753387257987,0.8198448904273012,0.11261048466233176,0.486784140969163,0.13172268907563026,0.16263904871499807,,,
clinical,perinatal,xgboost,mat_delivery_mode,Caesarean,19125.0,1222.0,0.6591818494884188,0.6844440220468118,-0.7412134215473526,0.5785597381342062,0.35703513377646207,0.37118954248366015,,,
clinical,perinatal,xgboost,mat_age_cat,_DISPARITY_,,,,,,,,,0.16486025903203816,0.17476956965521356,0.16775596256379
clinical,perinatal,xgboost,mat_delivery_mode,_DISPARITY_,,,,,,,,,0.12097578628151906,0.20855049376866208,0.2253124447008318
clinical,perinatal,random_forest,mat_age_cat,20-34,70468.0,3998.0,0.7311949866914802,0.9391590065417532,-0.177653129831754,0.6463231615807904,0.3005415977132541,0.3201595050235568,,,
clinical,perinatal,random_forest,mat_age_cat,<20,18603.0,978.0,0.7157518165600663,0.8694769013529934,-0.3366990106831218,0.6196319018404908,0.29509219858156027,0.3121539536633876,,,
clinical,perinatal,random_forest,mat_age_cat,>=35,10794.0,900.0,0.7346356939110124,0.8873491429119208,-0.16474313971181606,0.7677777777777778,0.43430361835455833,0.4621085788400964,,,
clinical,perinatal,random_forest,mat_delivery_mode,Vaginal spontaneous,69874.0,3299.0,0.7371687775753801,1.0165709828874427,-0.09254041702660905,0.6165504698393452,0.26649643259481787,0.28302372842545154,,,
clinical,perinatal,random_forest,mat_delivery_mode,Vaginal assisted,5214.0,454.0,0.707700690408322,0.85891106561948,0.2727669649967149,0.45594713656387664,0.11911764705882352,0.14844649021864212,,,
clinical,perinatal,random_forest,mat_delivery_mode,Caesarean,19125.0,1222.0,0.6572140256097301,0.6424561495764611,-0.8492888481148797,0.6104746317512275,0.38060660224543374,0.3952941176470588,,,
clinical,perinatal,random_forest,mat_age_cat,_DISPARITY_,,,,,,,,,0.148145875937287,0.14995462517670877,0.148145875937287
clinical,perinatal,random_forest,mat_delivery_mode,_DISPARITY_,,,,,,,,,0.1606033332754686,0.24684762742841668,0.2614889551866102
clinical,perinatal,naive_bayes,mat_age_cat,20-34,70468.0,3998.0,0.6582057539978052,1.0079763535866375,-0.0414398528180456,0.7311155577788895,0.4918309011584173,0.505406709428393,,,
clinical,perinatal,naive_bayes,mat_age_cat,<20,18603.0,978.0,0.6795107688291346,1.1401651565239723,0.3879086545583465,0.6492842535787321,0.36737588652482267,0.382196419932269,,,
clinical,perinatal,naive_bayes,mat_age_cat,>=35,10794.0,900.0,0.6486900590705926,0.8508207340282362,-0.0956418624119779,0.7577777777777778,0.5277946230038407,0.5469705391884381,,,
clinical,perinatal,naive_bayes,mat_delivery_mode,Vaginal spontaneous,69874.0,3299.0,0.6883132008846204,1.2279235085420463,0.41572249319074406,0.6771749014852986,0.4229064964325948,0.4349114119701176,,,
clinical,perinatal,naive_bayes,mat_delivery_mode,Vaginal assisted,5214.0,454.0,0.5603984655536223,0.3486196621664584,-1.3852350577962773,0.4977973568281938,0.36659663865546216,0.37802071346375143,,,
clinical,perinatal,naive_bayes,mat_delivery_mode,Caesarean,19125.0,1222.0,0.6093171393798532,0.7015015882184862,-0.7055189401432762,0.7184942716857611,0.5466681561749428,0.5576470588235294,,,
clinical,perinatal,naive_bayes,mat_age_cat,_DISPARITY_,,,,,,,,,0.10849352419904568,0.16477411925616908,0.16041873647901805
clinical,perinatal,naive_bayes,mat_delivery_mode,_DISPARITY_,,,,,,,,,0.22069691485756726,0.17962634535977795,0.22069691485756726
clinical,perinatal,catboost,mat_age_cat,20-34,70468.0,3998.0,0.7319813810922311,0.9784261696524382,-0.07129487085815218,0.6220610305152576,0.27406348728749813,0.2938071181245388,,,
clinical,perinatal,catboost,mat_age_cat,<20,18603.0,978.0,0.7153179306443893,0.9310788121296388,-0.19982847478654245,0.5623721881390593,0.251290780141844,0.2676450034940601,,,
clinical,perinatal,catboost,mat_age_cat,>=35,10794.0,900.0,0.7376260022909508,0.9139235939187353,-0.14023703982048855,0.7555555555555555,0.4111582777440873,0.4398740040763387,,,
clinical,perinatal,catboost,mat_delivery_mode,Vaginal spontaneous,69874.0,3299.0,0.739632276283497,1.0559478737971189,-0.011872018772386164,0.5871476204910578,0.23957942170484417,0.2559893522626442,,,
clinical,perinatal,catboost,mat_delivery_mode,Vaginal assisted,5214.0,454.0,0.7121360548624736,0.8592662312074225,0.232346970226266,0.44493392070484583,0.10840336134453782,0.13770617568085922,,,
clinical,perinatal,catboost,mat_delivery_mode,Caesarean,19125.0,1222.0,0.6601912899784647,0.6966930086125032,-0.7153620216246305,0.5662847790507365,0.34340613305032675,0.35764705882352943,,,
clinical,perinatal,catboost,mat_age_cat,_DISPARITY_,,,,,,,,,0.19318336741649622,0.17222900058227858,0.19318336741649622
clinical,perinatal,catboost,mat_delivery_mode,_DISPARITY_,,,,,,,,,0.142213699786212,0.2199408831426702,0.23500277170578893
clinical,perinatal,logistic,mat_age_cat,20-34,70468.0,3998.0,0.7091394952779534,1.0460543318058593,0.05868373592521749,0.684592296148074,0.36619527606438995,0.38425952205256286,,,
clinical,perinatal,logistic,mat_age_cat,<20,18603.0,978.0,0.6965231983059943,0.8883634805416746,-0.274341682402012,0.5521472392638037,0.2751205673758865,0.28968445949578026,,,
clinical,perinatal,logistic,mat_age_cat,>=35,10794.0,900.0,0.7093610044246794,1.1024208311986206,0.4555686721490197,0.7822222222222223,0.46199717000202145,0.48869742449508985,,,
clinical,perinatal,logistic,mat_delivery_mode,Vaginal spontaneous,69874.0,3299.0,0.7269987867145759,1.4180311824691392,0.9480139609701063,0.6371627765989694,0.31528351483289524,0.3304805793285056,,,
clinical,perinatal,logistic,mat_delivery_mode,Vaginal assisted,5214.0,454.0,0.6593619275904194,1.1828798208788076,1.0296749843348747,0.5286343612334802,0.2581932773109244,0.2817414652857691,,,
clinical,perinatal,logistic,mat_delivery_mode,Caesarean,19125.0,1222.0,0.6479680279242578,0.8405967183664997,-0.31784904737549785,0.6178396072013094,0.4037312182315813,0.41741176470588237,,,
clinical,perinatal,logistic,mat_age_cat,_DISPARITY_,,,,,,,,,0.23007498295841855,0.1990129649993096,0.23007498295841855
clinical,perinatal,logistic,mat_delivery_mode,_DISPARITY_,,,,,,,,,0.10852841536548918,0.13567029942011327,0.14553794092065692
clinical,perinatal,mlp,mat_age_cat,20-34,70468.0,3998.0,0.728413748020392,0.9946141510752763,-0.03545081948312582,0.6223111555777889,0.28372197984052955,0.3029318272123517,,,
clinical,perinatal,mlp,mat_age_cat,<20,18603.0,978.0,0.715025946714238,0.9701015840226632,-0.04616354468571701,0.5603271983640081,0.24260992907801418,0.2593130140299952,,,
clinical,perinatal,mlp,mat_age_cat,>=35,10794.0,900.0,0.7381579183792646,0.9403434451278859,-0.13200318621617257,0.7455555555555555,0.40004042854255106,0.4288493607559755,,,
clinical,perinatal,mlp,mat_delivery_mode,Vaginal spontaneous,69874.0,3299.0,0.7359906351985723,1.060747117363855,-0.0044752441833007285,0.5865413761745983,0.24417574164476155,0.2603400406445888,,,
clinical,perinatal,mlp,mat_delivery_mode,Vaginal assisted,5214.0,454.0,0.7035337152482138,0.8761241857819206,0.22265258106983676,0.44713656387665196,0.12983193277310925,0.15746068277713848,,,
clinical,perinatal,mlp,mat_delivery_mode,Caesarean,19125.0,1222.0,0.6565576881710158,0.6986772252651159,-0.7074188427508427,0.5548281505728314,0.3425682846450316,0.35613071895424836,,,
clinical,perinatal,mlp,mat_age_cat,_DISPARITY_,,,,,,,,,0.1852283571915474,0.16953634672598034,0.1852283571915474
clinical,perinatal,mlp,mat_delivery_mode,_DISPARITY_,,,,,,,,,0.13940481229794638,0.19867003617710988,0.21273635187192233
